timestamp,stephansplatz,eppendorf,wandsbek,altona,st-georg,niendorf,jungfernstieg,neustadt
2023-01-08 17:50:00+01:00,55.0,65.0,60.0,54.0,23.0,37.0,30.0,21.0
2023-01-08 18:12:00+01:00,50.0,66.0,57.0,46.0,24.0,34.0,30.0,24.0
2023-01-08 19:15:00+01:00,45.0,53.0,45.0,42.0,22.0,25.0,24.0,18.0
2023-01-08 20:11:00+01:00,34.0,42.0,29.0,28.0,16.0,0.0,10.0,0.0
2023-01-08 21:13:00+01:00,0.0,14.0,0.0,10.0,13.0,0.0,0.0,0.0
2023-01-08 22:11:00+01:00,0.0,0.0,0.0,4.0,11.0,0.0,0.0,0.0
2023-01-08 23:12:00+01:00,0.0,0.0,0.0,1.0,8.0,0.0,0.0,0.0
2023-01-09 00:14:00+01:00,0.0,0.0,0.0,0.0,4.0,0.0,0.0,0.0
2023-01-09 02:03:00+01:00,0.0,0.0,0.0,0.0,1.0,0.0,0.0,0.0
2023-01-09 03:38:00+01:00,0.0,0.0,0.0,0.0,0.0,0.0,0.0,0.0
2023-01-09 04:14:00+01:00,0.0,0.0,0.0,0.0,0.0,0.0,0.0,0.0
2023-01-09 05:17:00+01:00,0.0,0.0,0.0,0.0,3.0,0.0,0.0,0.0
2023-01-09 06:13:00+01:00,7.0,6.0,0.0,0.0,10.0,0.0,3.0,0.0
2023-01-09 07:18:00+01:00,25.0,16.0,10.0,4.0,13.0,8.0,15.0,16.0
2023-01-09 08:14:00+01:00,32.0,24.0,21.0,10.0,11.0,10.0,17.0,17.0
2023-01-09 09:18:00+01:00,28.0,18.0,24.0,20.0,9.0,19.0,20.0,5.0
2023-01-09 10:14:00+01:00,27.0,16.0,29.0,22.0,15.0,19.0,20.0,8.0
2023-01-09 11:16:00+01:00,27.0,18.0,35.0,25.0,14.0,18.0,17.0,15.0
2023-01-09 12:12:00+01:00,27.0,25.0,34.0,20.0,21.0,20.0,18.0,19.0
2023-01-09 13:26:00+01:00,34.0,30.0,33.0,19.0,24.0,21.0,18.0,28.0
2023-01-09 14:22:00+01:00,35.0,25.0,35.0,16.0,23.0,16.0,16.0,21.0
2023-01-09 15:16:00+01:00,34.0,26.0,40.0,17.0,20.0,22.0,18.0,16.0
2023-01-09 16:20:00+01:00,32.0,28.0,42.0,28.0,26.0,26.0,30.0,24.0
2023-01-09 17:23:00+01:00,51.0,56.0,61.0,40.0,44.0,41.0,49.0,42.0
2023-01-09 18:30:00+01:00,90.0,96.0,92.0,56.0,62.0,65.0,75.0,72.0
2023-01-09 19:18:00+01:00,91.0,100.0,93.0,67.0,70.0,70.0,73.0,92.0
2023-01-09 20:12:00+01:00,83.0,83.0,77.0,65.0,53.0,44.0,61.0,71.0
2023-01-09 21:16:00+01:00,58.0,54.0,36.0,45.0,31.0,26.0,38.0,33.0
2023-01-09 22:13:00+01:00,0.0,29.0,21.0,24.0,23.0,0.0,0.0,0.0
2023-01-10 00:14:00+01:00,0.0,0.0,1.0,2.0,5.0,0.0,0.0,0.0
2023-01-10 02:06:00+01:00,0.0,0.0,0.0,0.0,1.0,0.0,0.0,0.0
2023-01-10 03:44:00+01:00,0.0,0.0,0.0,0.0,0.0,0.0,0.0,0.0
2023-01-10 04:15:00+01:00,0.0,0.0,0.0,0.0,1.0,0.0,0.0,0.0
2023-01-10 05:18:00+01:00,0.0,0.0,0.0,0.0,4.0,0.0,0.0,0.0
2023-01-10 06:13:00+01:00,6.0,100.0,0.0,0.0,11.0,0.0,5.0,0.0
2023-01-10 07:30:00+01:00,30.0,20.0,11.0,10.0,18.0,11.0,19.0,21.0
2023-01-10 08:29:00+01:00,35.0,20.0,18.0,14.0,11.0,10.0,21.0,17.0
2023-01-10 09:56:00+01:00,23.0,25.0,36.0,19.0,10.0,23.0,15.0,8.0
2023-01-10 10:50:00+01:00,18.0,26.0,35.0,19.0,11.0,21.0,16.0,12.0
2023-01-10 11:19:00+01:00,15.0,28.0,34.0,20.0,13.0,19.0,18.0,17.0
2023-01-10 13:49:00+01:00,31.0,22.0,25.0,20.0,17.0,16.0,29.0,22.0
2023-01-10 15:02:00+01:00,32.0,24.0,25.0,24.0,18.0,16.0,21.0,22.0
2023-01-10 15:29:00+01:00,34.0,21.0,32.0,24.0,21.0,23.0,19.0,16.0
2023-01-10 16:20:00+01:00,39.0,25.0,53.0,26.0,31.0,28.0,23.0,19.0
2023-01-10 17:38:00+01:00,62.0,55.0,90.0,47.0,60.0,51.0,61.0,58.0
2023-01-10 18:44:00+01:00,86.0,71.0,100.0,68.0,85.0,55.0,73.0,85.0
2023-01-10 19:31:00+01:00,82.0,90.0,88.0,73.0,72.0,48.0,76.0,76.0
2023-01-10 20:12:00+01:00,68.0,88.0,78.0,65.0,48.0,42.0,68.0,66.0
2023-01-10 21:36:00+01:00,39.0,53.0,39.0,31.0,29.0,23.0,30.0,21.0
2023-01-10 22:13:00+01:00,1.0,29.0,30.0,21.0,17.0,0.0,1.0,4.0
2023-01-10 23:14:00+01:00,1.0,0.0,2.0,9.0,11.0,0.0,1.0,0.0
2023-01-11 00:14:00+01:00,1.0,0.0,0.0,2.0,7.0,0.0,1.0,0.0
2023-01-11 02:03:00+01:00,0.0,0.0,0.0,0.0,1.0,0.0,0.0,0.0
2023-01-11 03:41:00+01:00,0.0,0.0,0.0,0.0,0.0,0.0,0.0,0.0
2023-01-11 04:15:00+01:00,0.0,0.0,0.0,0.0,0.0,0.0,0.0,0.0
2023-01-11 05:17:00+01:00,0.0,0.0,0.0,0.0,5.0,0.0,0.0,0.0
2023-01-11 06:13:00+01:00,7.0,5.0,0.0,0.0,10.0,0.0,4.0,0.0
2023-01-11 07:17:00+01:00,21.0,13.0,16.0,8.0,13.0,6.0,19.0,20.0
2023-01-11 08:13:00+01:00,26.0,20.0,25.0,12.0,12.0,11.0,20.0,17.0
2023-01-11 09:18:00+01:00,24.0,20.0,28.0,15.0,14.0,18.0,18.0,11.0
2023-01-11 10:17:00+01:00,19.0,21.0,33.0,16.0,15.0,18.0,18.0,12.0
2023-01-11 11:18:00+01:00,19.0,20.0,33.0,23.0,14.0,17.0,18.0,11.0
2023-01-11 12:12:00+01:00,22.0,21.0,25.0,20.0,20.0,17.0,24.0,15.0
2023-01-11 13:26:00+01:00,39.0,23.0,26.0,18.0,26.0,15.0,30.0,24.0
2023-01-11 14:24:00+01:00,37.0,100.0,25.0,20.0,17.0,20.0,27.0,22.0
2023-01-11 15:18:00+01:00,41.0,24.0,32.0,25.0,14.0,21.0,21.0,22.0
2023-01-11 16:26:00+01:00,39.0,27.0,45.0,25.0,27.0,35.0,34.0,21.0
2023-01-11 17:25:00+01:00,58.0,100.0,64.0,42.0,47.0,39.0,52.0,35.0
2023-01-11 18:18:00+01:00,73.0,62.0,86.0,47.0,63.0,50.0,72.0,67.0
2023-01-11 19:20:00+01:00,74.0,90.0,77.0,63.0,56.0,56.0,63.0,71.0
2023-01-11 20:13:00+01:00,56.0,83.0,71.0,60.0,50.0,45.0,51.0,47.0
2023-01-11 21:14:00+01:00,44.0,59.0,48.0,45.0,33.0,33.0,33.0,32.0
2023-01-11 22:13:00+01:00,0.0,30.0,20.0,22.0,14.0,0.0,15.0,0.0
2023-01-11 23:15:00+01:00,0.0,0.0,0.0,6.0,6.0,0.0,0.0,0.0
2023-01-12 00:14:00+01:00,0.0,0.0,0.0,1.0,5.0,0.0,0.0,0.0
2023-01-12 02:04:00+01:00,0.0,0.0,0.0,0.0,1.0,0.0,0.0,0.0
2023-01-12 03:39:00+01:00,0.0,0.0,0.0,0.0,0.0,0.0,0.0,0.0
2023-01-12 04:14:00+01:00,0.0,0.0,0.0,0.0,1.0,0.0,0.0,0.0
2023-01-12 05:16:00+01:00,0.0,0.0,0.0,0.0,3.0,0.0,0.0,0.0
2023-01-12 06:13:00+01:00,5.0,5.0,0.0,0.0,6.0,0.0,6.0,0.0
2023-01-12 07:17:00+01:00,23.0,15.0,10.0,6.0,16.0,5.0,18.0,0.0
2023-01-12 08:13:00+01:00,31.0,20.0,21.0,10.0,15.0,13.0,25.0,0.0
2023-01-12 09:18:00+01:00,27.0,22.0,20.0,20.0,10.0,13.0,20.0,2.0
2023-01-12 10:15:00+01:00,24.0,21.0,20.0,23.0,14.0,20.0,16.0,9.0
2023-01-12 11:17:00+01:00,25.0,14.0,31.0,26.0,13.0,20.0,20.0,15.0
2023-01-12 12:17:00+01:00,33.0,100.0,36.0,28.0,20.0,20.0,20.0,17.0
2023-01-12 13:28:00+01:00,37.0,17.0,30.0,25.0,18.0,14.0,28.0,23.0
2023-01-12 14:28:00+01:00,31.0,17.0,32.0,19.0,14.0,15.0,20.0,19.0
2023-01-12 15:17:00+01:00,32.0,18.0,33.0,15.0,19.0,19.0,24.0,14.0
2023-01-12 16:22:00+01:00,29.0,25.0,38.0,23.0,26.0,30.0,30.0,24.0
2023-01-12 17:34:00+01:00,54.0,39.0,57.0,42.0,37.0,42.0,50.0,32.0
2023-01-12 18:26:00+01:00,81.0,70.0,70.0,54.0,57.0,50.0,61.0,57.0
2023-01-12 19:18:00+01:00,81.0,80.0,77.0,58.0,50.0,55.0,72.0,58.0
2023-01-12 20:12:00+01:00,69.0,70.0,70.0,56.0,46.0,48.0,57.0,52.0
2023-01-12 21:15:00+01:00,45.0,44.0,49.0,38.0,30.0,28.0,35.0,27.0
2023-01-12 22:13:00+01:00,13.0,22.0,6.0,25.0,17.0,0.0,1.0,0.0
2023-01-12 23:14:00+01:00,100.0,0.0,0.0,7.0,5.0,0.0,1.0,0.0
2023-01-13 00:14:00+01:00,0.0,0.0,0.0,3.0,4.0,0.0,1.0,0.0
2023-01-13 02:04:00+01:00,0.0,0.0,0.0,0.0,1.0,0.0,0.0,0.0
2023-01-13 03:45:00+01:00,0.0,0.0,0.0,0.0,0.0,0.0,0.0,0.0
2023-01-13 04:16:00+01:00,0.0,0.0,0.0,0.0,0.0,0.0,0.0,0.0
2023-01-13 05:17:00+01:00,0.0,0.0,0.0,0.0,2.0,0.0,0.0,0.0
2023-01-13 06:13:00+01:00,7.0,5.0,0.0,0.0,5.0,0.0,6.0,0.0
2023-01-13 07:18:00+01:00,18.0,19.0,10.0,6.0,13.0,6.0,15.0,0.0
2023-01-13 08:13:00+01:00,24.0,25.0,20.0,13.0,14.0,15.0,16.0,7.0
2023-01-13 10:16:00+01:00,25.0,26.0,35.0,24.0,12.0,31.0,15.0,7.0
2023-01-13 12:13:00+01:00,25.0,30.0,31.0,23.0,13.0,29.0,25.0,15.0
2023-01-13 13:25:00+01:00,37.0,30.0,28.0,27.0,25.0,22.0,30.0,26.0
2023-01-13 14:22:00+01:00,39.0,27.0,34.0,30.0,21.0,20.0,30.0,21.0
2023-01-13 15:14:00+01:00,41.0,28.0,53.0,34.0,24.0,21.0,31.0,23.0
2023-01-13 16:15:00+01:00,42.0,33.0,57.0,41.0,29.0,37.0,41.0,32.0
2023-01-13 17:21:00+01:00,68.0,58.0,71.0,42.0,31.0,48.0,58.0,43.0
2023-01-13 18:13:00+01:00,74.0,100.0,66.0,50.0,41.0,51.0,53.0,51.0
2023-01-13 19:17:00+01:00,74.0,81.0,68.0,60.0,50.0,44.0,54.0,44.0
2023-01-13 20:11:00+01:00,65.0,60.0,58.0,53.0,42.0,29.0,43.0,31.0
2023-01-13 21:14:00+01:00,44.0,31.0,36.0,33.0,26.0,19.0,32.0,14.0
2023-01-13 22:12:00+01:00,8.0,14.0,2.0,14.0,15.0,0.0,0.0,0.0
2023-01-14 00:13:00+01:00,0.0,0.0,0.0,0.0,6.0,0.0,0.0,0.0
2023-01-14 02:01:00+01:00,0.0,0.0,0.0,0.0,2.0,0.0,0.0,0.0
2023-01-14 03:13:00+01:00,0.0,0.0,0.0,0.0,1.0,0.0,0.0,0.0
2023-01-14 04:14:00+01:00,0.0,0.0,0.0,0.0,2.0,0.0,0.0,0.0
2023-01-14 05:15:00+01:00,0.0,0.0,0.0,0.0,3.0,0.0,0.0,0.0
2023-01-14 06:12:00+01:00,0.0,0.0,0.0,0.0,4.0,0.0,0.0,0.0
2023-01-14 07:16:00+01:00,0.0,0.0,0.0,0.0,4.0,0.0,0.0,0.0
2023-01-14 08:12:00+01:00,0.0,0.0,0.0,0.0,6.0,0.0,0.0,0.0
2023-01-14 09:16:00+01:00,9.0,15.0,0.0,10.0,14.0,9.0,0.0,0.0
2023-01-14 10:13:00+01:00,31.0,100.0,20.0,23.0,23.0,28.0,7.0,8.0
2023-01-14 11:13:00+01:00,35.0,46.0,53.0,28.0,30.0,38.0,23.0,22.0
2023-01-14 12:11:00+01:00,43.0,53.0,65.0,38.0,32.0,39.0,29.0,25.0
2023-01-14 13:22:00+01:00,31.0,61.0,75.0,43.0,22.0,35.0,33.0,30.0
2023-01-14 14:16:00+01:00,28.0,49.0,60.0,41.0,26.0,26.0,40.0,25.0
2023-01-14 15:12:00+01:00,31.0,42.0,60.0,33.0,28.0,26.0,45.0,21.0
2023-01-14 16:13:00+01:00,40.0,43.0,46.0,30.0,30.0,20.0,36.0,20.0
2023-01-14 17:16:00+01:00,52.0,38.0,42.0,39.0,22.0,25.0,36.0,21.0
2023-01-14 18:12:00+01:00,39.0,38.0,38.0,34.0,23.0,25.0,28.0,28.0
2023-01-14 19:15:00+01:00,34.0,39.0,26.0,28.0,20.0,16.0,21.0,20.0
2023-01-14 20:11:00+01:00,35.0,33.0,27.0,25.0,20.0,0.0,2.0,0.0
2023-01-14 21:13:00+01:00,15.0,10.0,3.0,0.0,22.0,0.0,2.0,0.0
2023-01-14 22:12:00+01:00,0.0,0.0,0.0,0.0,17.0,0.0,2.0,0.0
2023-01-14 23:13:00+01:00,0.0,0.0,0.0,0.0,8.0,0.0,0.0,0.0
2023-01-15 00:13:00+01:00,0.0,0.0,0.0,0.0,6.0,0.0,0.0,0.0
2023-01-15 02:07:00+01:00,0.0,0.0,0.0,0.0,3.0,0.0,0.0,0.0
2023-01-15 03:42:00+01:00,100.0,100.0,100.0,100.0,100.0,100.0,100.0,100.0
2023-01-15 04:14:00+01:00,0.0,0.0,0.0,0.0,1.0,0.0,0.0,0.0
2023-01-15 05:16:00+01:00,0.0,0.0,0.0,0.0,0.0,0.0,0.0,0.0
2023-01-15 06:12:00+01:00,0.0,0.0,0.0,0.0,1.0,0.0,0.0,0.0
2023-01-15 07:16:00+01:00,0.0,0.0,0.0,0.0,4.0,0.0,0.0,0.0
2023-01-15 08:12:00+01:00,0.0,0.0,0.0,0.0,4.0,0.0,0.0,0.0
2023-01-15 09:16:00+01:00,7.0,15.0,0.0,8.0,5.0,14.0,0.0,0.0
2023-01-15 10:13:00+01:00,19.0,38.0,24.0,20.0,8.0,39.0,8.0,5.0
2023-01-15 11:13:00+01:00,41.0,52.0,55.0,32.0,11.0,41.0,20.0,24.0
2023-01-15 12:11:00+01:00,55.0,59.0,64.0,44.0,21.0,50.0,28.0,26.0
2023-01-15 13:23:00+01:00,50.0,55.0,66.0,47.0,40.0,43.0,36.0,28.0
2023-01-15 14:17:00+01:00,50.0,50.0,70.0,45.0,41.0,45.0,48.0,22.0
2023-01-15 15:12:00+01:00,42.0,51.0,66.0,39.0,40.0,37.0,46.0,24.0
2023-01-15 16:13:00+01:00,52.0,59.0,51.0,50.0,28.0,35.0,38.0,31.0
2023-01-15 17:17:00+01:00,54.0,58.0,53.0,49.0,33.0,40.0,31.0,32.0
2023-01-15 18:12:00+01:00,58.0,51.0,50.0,42.0,29.0,41.0,23.0,29.0
2023-01-15 19:15:00+01:00,56.0,47.0,39.0,37.0,21.0,27.0,19.0,22.0
2023-01-15 20:11:00+01:00,47.0,34.0,28.0,31.0,14.0,5.0,8.0,0.0
2023-01-15 21:14:00+01:00,20.0,0.0,5.0,11.0,16.0,0.0,0.0,0.0
2023-01-15 22:12:00+01:00,0.0,0.0,0.0,4.0,11.0,0.0,0.0,0.0
2023-01-15 23:12:00+01:00,0.0,0.0,0.0,0.0,8.0,0.0,0.0,0.0
2023-01-16 00:14:00+01:00,0.0,0.0,0.0,0.0,5.0,0.0,0.0,0.0
2023-01-16 02:03:00+01:00,0.0,0.0,0.0,0.0,0.0,0.0,0.0,0.0
2023-01-16 03:42:00+01:00,0.0,0.0,0.0,0.0,0.0,0.0,0.0,0.0
2023-01-16 04:15:00+01:00,0.0,0.0,0.0,0.0,0.0,0.0,0.0,0.0
2023-01-16 05:17:00+01:00,0.0,0.0,0.0,0.0,3.0,0.0,0.0,0.0
2023-01-16 06:13:00+01:00,8.0,8.0,0.0,0.0,9.0,0.0,6.0,0.0
2023-01-16 07:18:00+01:00,33.0,16.0,10.0,8.0,16.0,6.0,18.0,19.0
2023-01-16 08:14:00+01:00,35.0,24.0,23.0,12.0,16.0,9.0,20.0,23.0
2023-01-16 09:18:00+01:00,33.0,25.0,20.0,20.0,13.0,22.0,13.0,11.0
2023-01-16 10:15:00+01:00,26.0,19.0,28.0,22.0,11.0,18.0,15.0,14.0
2023-01-16 11:15:00+01:00,23.0,20.0,36.0,22.0,17.0,16.0,17.0,15.0
2023-01-16 12:12:00+01:00,23.0,24.0,35.0,25.0,27.0,19.0,20.0,18.0
2023-01-16 13:26:00+01:00,43.0,27.0,27.0,21.0,25.0,19.0,27.0,33.0
2023-01-16 14:22:00+01:00,40.0,24.0,33.0,20.0,20.0,23.0,31.0,17.0
2023-01-16 15:13:00+01:00,36.0,25.0,36.0,22.0,16.0,21.0,22.0,14.0
2023-01-16 16:15:00+01:00,33.0,27.0,43.0,31.0,24.0,24.0,23.0,23.0
2023-01-16 17:18:00+01:00,60.0,50.0,79.0,48.0,46.0,43.0,41.0,37.0
2023-01-16 18:13:00+01:00,84.0,77.0,100.0,57.0,65.0,55.0,61.0,67.0
2023-01-16 19:16:00+01:00,100.0,93.0,100.0,71.0,78.0,62.0,79.0,66.0
2023-01-16 20:11:00+01:00,88.0,78.0,86.0,67.0,65.0,58.0,73.0,59.0
2023-01-16 21:15:00+01:00,57.0,53.0,45.0,48.0,37.0,29.0,45.0,35.0
2023-01-16 22:12:00+01:00,0.0,30.0,23.0,25.0,24.0,4.0,0.0,0.0
2023-01-17 00:14:00+01:00,0.0,0.0,0.0,0.0,5.0,0.0,1.0,0.0
2023-01-17 02:03:00+01:00,0.0,0.0,0.0,0.0,0.0,0.0,0.0,0.0
2023-01-17 03:39:00+01:00,0.0,0.0,0.0,0.0,0.0,0.0,0.0,0.0
2023-01-17 04:15:00+01:00,0.0,0.0,0.0,0.0,0.0,0.0,0.0,0.0
2023-01-17 05:17:00+01:00,0.0,0.0,0.0,0.0,3.0,0.0,0.0,0.0
2023-01-17 06:13:00+01:00,7.0,4.0,0.0,0.0,8.0,0.0,4.0,0.0
2023-01-17 07:17:00+01:00,26.0,18.0,16.0,9.0,13.0,5.0,16.0,18.0
2023-01-17 08:13:00+01:00,30.0,23.0,26.0,15.0,17.0,11.0,27.0,19.0
2023-01-17 09:18:00+01:00,29.0,23.0,29.0,16.0,14.0,17.0,13.0,5.0
2023-01-17 10:14:00+01:00,24.0,22.0,33.0,17.0,15.0,18.0,6.0,8.0
2023-01-17 11:15:00+01:00,21.0,21.0,31.0,18.0,16.0,16.0,8.0,8.0
2023-01-17 12:12:00+01:00,26.0,26.0,35.0,19.0,21.0,18.0,15.0,15.0
2023-01-17 13:27:00+01:00,35.0,20.0,34.0,19.0,25.0,17.0,18.0,25.0
2023-01-17 14:21:00+01:00,38.0,23.0,24.0,20.0,22.0,17.0,19.0,22.0
2023-01-17 15:13:00+01:00,35.0,20.0,36.0,20.0,16.0,24.0,23.0,21.0
2023-01-17 16:14:00+01:00,28.0,31.0,43.0,25.0,23.0,30.0,28.0,24.0
2023-01-17 17:18:00+01:00,41.0,55.0,71.0,35.0,40.0,45.0,45.0,40.0
2023-01-17 18:13:00+01:00,69.0,69.0,84.0,47.0,63.0,62.0,69.0,68.0
2023-01-17 19:17:00+01:00,91.0,88.0,76.0,69.0,69.0,56.0,81.0,78.0
2023-01-17 20:11:00+01:00,77.0,73.0,76.0,63.0,52.0,44.0,68.0,58.0
2023-01-17 21:14:00+01:00,49.0,100.0,51.0,44.0,34.0,28.0,36.0,35.0
2023-01-17 22:12:00+01:00,1.0,22.0,24.0,22.0,27.0,5.0,0.0,0.0
2023-01-18 00:14:00+01:00,1.0,0.0,2.0,0.0,7.0,0.0,0.0,0.0
2023-01-18 02:06:00+01:00,0.0,0.0,0.0,0.0,1.0,0.0,0.0,0.0
2023-01-18 03:43:00+01:00,0.0,0.0,0.0,0.0,0.0,0.0,0.0,0.0
2023-01-18 04:16:00+01:00,0.0,0.0,0.0,0.0,0.0,0.0,0.0,0.0
2023-01-18 05:16:00+01:00,0.0,0.0,0.0,0.0,3.0,0.0,0.0,0.0
2023-01-18 06:13:00+01:00,6.0,4.0,0.0,0.0,7.0,0.0,6.0,0.0
2023-01-18 07:18:00+01:00,27.0,19.0,13.0,7.0,14.0,4.0,13.0,20.0
2023-01-18 08:13:00+01:00,24.0,26.0,23.0,14.0,17.0,11.0,15.0,12.0
2023-01-18 09:17:00+01:00,17.0,23.0,27.0,20.0,10.0,20.0,9.0,4.0
2023-01-18 10:14:00+01:00,17.0,22.0,26.0,17.0,7.0,20.0,13.0,7.0
2023-01-18 11:15:00+01:00,21.0,25.0,33.0,21.0,13.0,16.0,8.0,9.0
2023-01-18 12:12:00+01:00,30.0,20.0,31.0,22.0,21.0,17.0,17.0,14.0
2023-01-18 13:25:00+01:00,40.0,22.0,26.0,20.0,24.0,17.0,26.0,25.0
2023-01-18 14:21:00+01:00,40.0,17.0,21.0,20.0,22.0,15.0,33.0,20.0
2023-01-18 15:13:00+01:00,34.0,100.0,24.0,24.0,17.0,11.0,28.0,21.0
2023-01-18 16:14:00+01:00,45.0,27.0,39.0,26.0,24.0,19.0,30.0,27.0
2023-01-18 17:19:00+01:00,51.0,39.0,71.0,38.0,49.0,39.0,40.0,36.0
2023-01-18 18:12:00+01:00,60.0,59.0,100.0,52.0,65.0,46.0,68.0,58.0
2023-01-18 19:16:00+01:00,75.0,100.0,99.0,70.0,61.0,56.0,73.0,68.0
2023-01-18 20:11:00+01:00,69.0,84.0,77.0,59.0,50.0,48.0,62.0,63.0
2023-01-18 21:14:00+01:00,56.0,61.0,52.0,46.0,34.0,28.0,36.0,33.0
2023-01-18 22:13:00+01:00,20.0,30.0,24.0,28.0,20.0,5.0,0.0,0.0
2023-01-19 00:14:00+01:00,0.0,0.0,0.0,0.0,6.0,0.0,0.0,0.0
2023-01-19 02:06:00+01:00,0.0,0.0,0.0,0.0,2.0,0.0,0.0,0.0
2023-01-19 03:46:00+01:00,0.0,0.0,0.0,0.0,1.0,0.0,0.0,0.0
2023-01-19 04:17:00+01:00,0.0,0.0,0.0,0.0,1.0,0.0,0.0,0.0
2023-01-19 05:18:00+01:00,0.0,0.0,0.0,0.0,3.0,0.0,0.0,0.0
2023-01-19 06:13:00+01:00,7.0,1.0,0.0,0.0,10.0,0.0,8.0,0.0
2023-01-19 07:19:00+01:00,27.0,13.0,13.0,8.0,13.0,6.0,18.0,20.0
2023-01-19 08:13:00+01:00,30.0,20.0,23.0,11.0,14.0,12.0,17.0,20.0
2023-01-19 09:19:00+01:00,23.0,22.0,25.0,17.0,10.0,17.0,13.0,8.0
2023-01-19 10:14:00+01:00,15.0,25.0,32.0,23.0,13.0,18.0,8.0,12.0
2023-01-19 11:15:00+01:00,21.0,25.0,45.0,25.0,17.0,13.0,11.0,14.0
2023-01-19 12:12:00+01:00,23.0,25.0,45.0,27.0,13.0,18.0,13.0,18.0
2023-01-19 13:26:00+01:00,26.0,24.0,32.0,26.0,21.0,18.0,25.0,24.0
2023-01-19 14:23:00+01:00,23.0,21.0,29.0,25.0,18.0,16.0,25.0,26.0
2023-01-19 15:14:00+01:00,23.0,20.0,29.0,28.0,18.0,16.0,22.0,25.0
2023-01-19 16:16:00+01:00,22.0,27.0,33.0,28.0,28.0,23.0,23.0,27.0
2023-01-19 17:35:00+01:00,48.0,45.0,55.0,40.0,48.0,41.0,46.0,37.0
2023-01-19 18:34:00+01:00,69.0,69.0,79.0,50.0,60.0,65.0,70.0,51.0
2023-01-19 19:17:00+01:00,74.0,75.0,85.0,54.0,57.0,59.0,77.0,65.0
2023-01-19 20:11:00+01:00,60.0,73.0,85.0,58.0,56.0,41.0,66.0,44.0
2023-01-19 21:15:00+01:00,43.0,44.0,58.0,40.0,38.0,21.0,50.0,22.0
2023-01-19 22:13:00+01:00,1.0,24.0,6.0,22.0,20.0,5.0,0.0,1.0
2023-01-20 00:15:00+01:00,1.0,0.0,0.0,0.0,6.0,0.0,0.0,0.0
2023-01-20 02:04:00+01:00,0.0,0.0,0.0,0.0,2.0,0.0,0.0,0.0
2023-01-20 03:45:00+01:00,0.0,0.0,0.0,0.0,0.0,0.0,0.0,0.0
2023-01-20 04:17:00+01:00,0.0,0.0,0.0,0.0,1.0,0.0,0.0,0.0
2023-01-20 05:17:00+01:00,0.0,0.0,0.0,0.0,3.0,0.0,0.0,0.0
2023-01-20 06:13:00+01:00,10.0,4.0,0.0,0.0,8.0,0.0,6.0,0.0
2023-01-20 07:18:00+01:00,21.0,17.0,15.0,5.0,12.0,8.0,14.0,14.0
2023-01-20 08:13:00+01:00,23.0,22.0,26.0,11.0,16.0,13.0,16.0,18.0
2023-01-20 09:18:00+01:00,21.0,20.0,23.0,20.0,15.0,21.0,14.0,8.0
2023-01-20 10:14:00+01:00,19.0,22.0,36.0,22.0,11.0,30.0,7.0,11.0
2023-01-20 11:15:00+01:00,22.0,26.0,41.0,22.0,12.0,23.0,15.0,15.0
2023-01-20 12:12:00+01:00,25.0,29.0,36.0,20.0,23.0,20.0,22.0,20.0
2023-01-20 13:26:00+01:00,26.0,31.0,48.0,21.0,28.0,21.0,38.0,27.0
2023-01-20 14:22:00+01:00,31.0,33.0,63.0,23.0,22.0,21.0,35.0,21.0
2023-01-20 15:13:00+01:00,33.0,35.0,63.0,34.0,26.0,23.0,40.0,21.0
2023-01-20 16:14:00+01:00,37.0,43.0,88.0,33.0,33.0,31.0,39.0,28.0
2023-01-20 17:19:00+01:00,73.0,61.0,85.0,41.0,34.0,38.0,53.0,40.0
2023-01-20 18:14:00+01:00,89.0,77.0,99.0,52.0,50.0,48.0,60.0,56.0
2023-01-20 19:17:00+01:00,83.0,77.0,100.0,67.0,54.0,41.0,59.0,47.0
2023-01-20 20:11:00+01:00,58.0,59.0,100.0,61.0,45.0,37.0,55.0,32.0
2023-01-20 21:14:00+01:00,42.0,35.0,80.0,38.0,27.0,21.0,35.0,18.0
2023-01-20 22:12:00+01:00,4.0,18.0,44.0,14.0,20.0,0.0,11.0,2.0
2023-01-21 00:13:00+01:00,4.0,0.0,0.0,0.0,5.0,0.0,0.0,0.0
2023-01-21 02:04:00+01:00,0.0,0.0,0.0,0.0,3.0,0.0,0.0,0.0
2023-01-21 04:15:00+01:00,0.0,0.0,0.0,0.0,1.0,0.0,0.0,0.0
2023-01-21 05:16:00+01:00,0.0,0.0,0.0,0.0,0.0,100.0,0.0,0.0
2023-01-21 06:13:00+01:00,0.0,0.0,0.0,0.0,2.0,0.0,0.0,0.0
2023-01-21 07:16:00+01:00,0.0,0.0,0.0,0.0,4.0,0.0,0.0,0.0
2023-01-21 08:13:00+01:00,0.0,0.0,0.0,0.0,5.0,0.0,0.0,0.0
2023-01-21 09:17:00+01:00,10.0,12.0,0.0,10.0,7.0,8.0,0.0,0.0
2023-01-21 10:13:00+01:00,22.0,27.0,16.0,22.0,18.0,27.0,5.0,9.0
2023-01-21 11:13:00+01:00,36.0,45.0,56.0,23.0,30.0,38.0,26.0,24.0
2023-01-21 12:11:00+01:00,45.0,46.0,68.0,32.0,33.0,41.0,31.0,28.0
2023-01-21 13:22:00+01:00,43.0,43.0,65.0,35.0,26.0,33.0,28.0,22.0
2023-01-21 14:17:00+01:00,38.0,34.0,58.0,31.0,18.0,27.0,31.0,20.0
2023-01-21 15:12:00+01:00,31.0,34.0,49.0,34.0,23.0,29.0,33.0,16.0
2023-01-21 16:13:00+01:00,36.0,34.0,43.0,38.0,21.0,30.0,36.0,26.0
2023-01-21 17:17:00+01:00,38.0,36.0,36.0,36.0,21.0,30.0,30.0,25.0
2023-01-21 18:12:00+01:00,46.0,38.0,33.0,37.0,20.0,24.0,25.0,24.0
2023-01-21 19:15:00+01:00,36.0,35.0,40.0,28.0,15.0,17.0,16.0,21.0
2023-01-21 20:11:00+01:00,28.0,30.0,28.0,29.0,17.0,0.0,1.0,0.0
2023-01-21 21:13:00+01:00,12.0,11.0,4.0,12.0,13.0,0.0,1.0,0.0
2023-01-21 22:12:00+01:00,0.0,3.0,1.0,0.0,15.0,0.0,1.0,0.0
2023-01-21 23:12:00+01:00,0.0,100.0,0.0,0.0,12.0,0.0,0.0,0.0
2023-01-22 00:13:00+01:00,0.0,0.0,0.0,0.0,7.0,0.0,0.0,0.0
2023-01-22 02:07:00+01:00,0.0,0.0,0.0,0.0,1.0,0.0,0.0,0.0
2023-01-22 03:44:00+01:00,0.0,0.0,0.0,0.0,1.0,0.0,0.0,0.0
2023-01-22 04:14:00+01:00,0.0,0.0,0.0,0.0,0.0,0.0,0.0,0.0
2023-01-22 05:16:00+01:00,0.0,0.0,0.0,0.0,0.0,0.0,0.0,0.0
2023-01-22 06:13:00+01:00,0.0,0.0,0.0,0.0,2.0,0.0,0.0,0.0
2023-01-22 07:16:00+01:00,0.0,0.0,0.0,0.0,3.0,0.0,0.0,0.0
2023-01-22 08:12:00+01:00,0.0,0.0,0.0,0.0,4.0,0.0,0.0,0.0
2023-01-22 09:16:00+01:00,5.0,12.0,0.0,10.0,11.0,8.0,0.0,0.0
2023-01-22 10:12:00+01:00,16.0,38.0,24.0,19.0,18.0,27.0,8.0,7.0
2023-01-22 11:13:00+01:00,33.0,54.0,50.0,29.0,16.0,38.0,20.0,26.0
2023-01-22 12:11:00+01:00,42.0,60.0,56.0,40.0,21.0,50.0,32.0,31.0
2023-01-22 13:23:00+01:00,51.0,50.0,60.0,40.0,39.0,37.0,40.0,32.0
2023-01-22 14:17:00+01:00,51.0,40.0,62.0,43.0,43.0,36.0,48.0,34.0
2023-01-22 15:12:00+01:00,49.0,41.0,66.0,41.0,40.0,40.0,45.0,35.0
2023-01-22 16:13:00+01:00,54.0,100.0,72.0,44.0,33.0,36.0,42.0,35.0
2023-01-22 17:17:00+01:00,54.0,57.0,65.0,43.0,34.0,35.0,40.0,41.0
2023-01-22 18:12:00+01:00,59.0,47.0,53.0,38.0,32.0,29.0,35.0,30.0
2023-01-22 19:15:00+01:00,55.0,35.0,47.0,37.0,27.0,23.0,28.0,16.0
2023-01-22 20:11:00+01:00,41.0,34.0,36.0,31.0,25.0,9.0,13.0,0.0
2023-01-22 21:13:00+01:00,14.0,0.0,6.0,10.0,21.0,0.0,0.0,0.0
2023-01-22 22:12:00+01:00,0.0,0.0,0.0,0.0,13.0,0.0,0.0,0.0
2023-01-22 23:13:00+01:00,0.0,0.0,0.0,0.0,5.0,0.0,0.0,0.0
2023-01-23 00:13:00+01:00,0.0,0.0,0.0,0.0,6.0,0.0,0.0,0.0
2023-01-23 02:02:00+01:00,0.0,0.0,0.0,0.0,0.0,0.0,0.0,0.0
2023-01-23 03:40:00+01:00,0.0,0.0,0.0,0.0,0.0,0.0,0.0,0.0
2023-01-23 04:15:00+01:00,0.0,0.0,0.0,0.0,0.0,0.0,0.0,0.0
2023-01-23 05:16:00+01:00,0.0,0.0,0.0,0.0,3.0,0.0,0.0,0.0
2023-01-23 06:13:00+01:00,12.0,7.0,0.0,0.0,10.0,0.0,5.0,0.0
2023-01-23 07:17:00+01:00,30.0,13.0,16.0,5.0,18.0,5.0,15.0,20.0
2023-01-23 08:13:00+01:00,33.0,25.0,28.0,7.0,11.0,15.0,17.0,21.0
2023-01-23 09:18:00+01:00,28.0,20.0,24.0,19.0,10.0,15.0,15.0,7.0
2023-01-23 10:14:00+01:00,26.0,20.0,30.0,22.0,11.0,22.0,11.0,11.0
2023-01-23 11:15:00+01:00,21.0,21.0,40.0,25.0,18.0,21.0,18.0,15.0
2023-01-23 12:12:00+01:00,25.0,20.0,38.0,24.0,26.0,21.0,23.0,21.0
2023-01-23 13:25:00+01:00,34.0,24.0,29.0,21.0,26.0,17.0,31.0,23.0
2023-01-23 14:22:00+01:00,40.0,22.0,30.0,27.0,21.0,18.0,34.0,19.0
2023-01-23 15:13:00+01:00,41.0,30.0,41.0,29.0,20.0,21.0,26.0,17.0
2023-01-23 16:15:00+01:00,36.0,35.0,48.0,29.0,27.0,25.0,29.0,20.0
2023-01-23 17:19:00+01:00,56.0,50.0,63.0,38.0,50.0,40.0,42.0,42.0
2023-01-23 18:13:00+01:00,86.0,70.0,100.0,55.0,66.0,56.0,66.0,60.0
2023-01-23 19:15:00+01:00,92.0,93.0,100.0,59.0,76.0,64.0,78.0,67.0
2023-01-23 20:11:00+01:00,73.0,84.0,85.0,58.0,62.0,50.0,66.0,55.0
2023-01-23 21:14:00+01:00,51.0,48.0,49.0,37.0,35.0,32.0,33.0,31.0
2023-01-23 22:12:00+01:00,0.0,25.0,23.0,20.0,24.0,0.0,3.0,2.0
2023-01-24 00:13:00+01:00,0.0,0.0,0.0,0.0,7.0,0.0,3.0,0.0
2023-01-24 02:06:00+01:00,0.0,0.0,0.0,0.0,1.0,0.0,0.0,0.0
2023-01-24 03:37:00+01:00,0.0,0.0,0.0,0.0,1.0,0.0,0.0,0.0
2023-01-24 04:14:00+01:00,0.0,0.0,0.0,0.0,1.0,0.0,0.0,0.0
2023-01-24 05:16:00+01:00,0.0,100.0,0.0,0.0,3.0,0.0,0.0,0.0
2023-01-24 06:13:00+01:00,9.0,5.0,0.0,0.0,8.0,0.0,6.0,0.0
2023-01-24 07:17:00+01:00,38.0,20.0,15.0,10.0,20.0,6.0,23.0,16.0
2023-01-24 08:12:00+01:00,37.0,24.0,27.0,13.0,16.0,11.0,25.0,17.0
2023-01-24 09:17:00+01:00,33.0,25.0,25.0,19.0,15.0,15.0,17.0,10.0
2023-01-24 10:13:00+01:00,25.0,20.0,38.0,17.0,17.0,18.0,13.0,7.0
2023-01-24 11:14:00+01:00,24.0,16.0,40.0,21.0,14.0,17.0,16.0,6.0
2023-01-24 12:12:00+01:00,27.0,17.0,37.0,22.0,16.0,19.0,18.0,15.0
2023-01-24 13:27:00+01:00,27.0,17.0,25.0,25.0,24.0,13.0,24.0,26.0
2023-01-24 14:20:00+01:00,29.0,19.0,25.0,21.0,18.0,11.0,30.0,20.0
2023-01-24 15:13:00+01:00,25.0,28.0,31.0,17.0,16.0,14.0,28.0,21.0
2023-01-24 16:14:00+01:00,35.0,40.0,47.0,29.0,26.0,30.0,31.0,24.0
2023-01-24 17:45:00+01:00,54.0,55.0,85.0,42.0,71.0,46.0,63.0,48.0
2023-01-24 18:40:00+01:00,89.0,72.0,97.0,64.0,84.0,56.0,79.0,84.0
2023-01-24 19:17:00+01:00,87.0,84.0,99.0,74.0,66.0,56.0,91.0,80.0
2023-01-24 20:12:00+01:00,83.0,81.0,87.0,78.0,45.0,39.0,81.0,53.0
2023-01-24 21:14:00+01:00,51.0,55.0,55.0,52.0,43.0,24.0,60.0,35.0
2023-01-24 22:12:00+01:00,15.0,27.0,21.0,25.0,26.0,14.0,0.0,2.0
2023-01-25 00:14:00+01:00,0.0,0.0,0.0,0.0,5.0,0.0,0.0,0.0
2023-01-25 02:02:00+01:00,0.0,0.0,0.0,0.0,2.0,0.0,0.0,0.0
2023-01-25 03:20:00+01:00,0.0,0.0,0.0,0.0,1.0,0.0,0.0,0.0
2023-01-25 04:15:00+01:00,0.0,0.0,0.0,0.0,0.0,0.0,0.0,0.0
2023-01-25 05:16:00+01:00,0.0,0.0,0.0,0.0,3.0,0.0,0.0,0.0
2023-01-25 06:13:00+01:00,8.0,4.0,0.0,0.0,8.0,0.0,1.0,0.0
2023-01-25 07:17:00+01:00,23.0,20.0,12.0,8.0,20.0,5.0,12.0,21.0
2023-01-25 09:21:00+01:00,23.0,20.0,24.0,17.0,10.0,22.0,16.0,14.0
2023-01-25 10:16:00+01:00,23.0,20.0,34.0,20.0,13.0,26.0,16.0,21.0
2023-01-25 11:14:00+01:00,23.0,100.0,28.0,27.0,17.0,18.0,17.0,19.0
2023-01-25 12:12:00+01:00,24.0,27.0,30.0,26.0,22.0,15.0,24.0,22.0
2023-01-25 13:27:00+01:00,26.0,30.0,36.0,28.0,14.0,18.0,29.0,20.0
2023-01-25 14:20:00+01:00,31.0,100.0,33.0,23.0,15.0,21.0,31.0,22.0
2023-01-25 15:13:00+01:00,34.0,25.0,35.0,23.0,17.0,21.0,36.0,19.0
2023-01-25 16:17:00+01:00,40.0,32.0,40.0,30.0,25.0,26.0,34.0,23.0
2023-01-25 17:18:00+01:00,51.0,42.0,61.0,42.0,45.0,37.0,41.0,31.0
2023-01-25 18:13:00+01:00,67.0,65.0,100.0,59.0,52.0,60.0,58.0,55.0
2023-01-25 19:16:00+01:00,68.0,79.0,100.0,62.0,68.0,60.0,61.0,63.0
2023-01-25 20:11:00+01:00,62.0,70.0,74.0,61.0,58.0,53.0,61.0,50.0
2023-01-25 21:14:00+01:00,40.0,55.0,58.0,38.0,37.0,31.0,40.0,27.0
2023-01-25 22:11:00+01:00,0.0,29.0,25.0,15.0,24.0,0.0,4.0,1.0
2023-01-25 23:14:00+01:00,0.0,0.0,1.0,0.0,13.0,0.0,4.0,0.0
2023-01-26 00:14:00+01:00,0.0,0.0,0.0,0.0,5.0,0.0,4.0,0.0
2023-01-26 02:03:00+01:00,0.0,0.0,0.0,0.0,1.0,0.0,0.0,0.0
2023-01-26 03:39:00+01:00,0.0,0.0,0.0,0.0,0.0,0.0,0.0,0.0
2023-01-26 04:15:00+01:00,0.0,0.0,0.0,0.0,1.0,0.0,0.0,0.0
2023-01-26 05:17:00+01:00,0.0,0.0,0.0,0.0,4.0,0.0,0.0,0.0
2023-01-26 06:13:00+01:00,8.0,4.0,0.0,0.0,11.0,0.0,7.0,0.0
2023-01-26 07:17:00+01:00,28.0,12.0,11.0,8.0,16.0,4.0,16.0,18.0
2023-01-26 08:13:00+01:00,26.0,19.0,18.0,14.0,12.0,11.0,21.0,21.0
2023-01-26 09:17:00+01:00,25.0,22.0,12.0,19.0,10.0,14.0,13.0,10.0
2023-01-26 10:14:00+01:00,20.0,24.0,26.0,16.0,11.0,15.0,11.0,12.0
2023-01-26 11:15:00+01:00,24.0,20.0,30.0,23.0,14.0,17.0,16.0,11.0
2023-01-26 12:12:00+01:00,30.0,21.0,38.0,22.0,20.0,20.0,23.0,14.0
2023-01-26 13:27:00+01:00,28.0,24.0,34.0,22.0,19.0,16.0,23.0,27.0
2023-01-26 14:22:00+01:00,28.0,23.0,28.0,22.0,12.0,16.0,20.0,22.0
2023-01-26 15:12:00+01:00,25.0,100.0,30.0,26.0,20.0,21.0,18.0,21.0
2023-01-26 16:14:00+01:00,28.0,30.0,40.0,26.0,25.0,31.0,26.0,19.0
2023-01-26 17:17:00+01:00,40.0,35.0,54.0,34.0,35.0,39.0,37.0,30.0
2023-01-26 18:13:00+01:00,57.0,49.0,69.0,45.0,50.0,54.0,55.0,44.0
2023-01-26 19:16:00+01:00,72.0,71.0,80.0,49.0,56.0,56.0,65.0,44.0
2023-01-26 20:11:00+01:00,68.0,65.0,76.0,50.0,50.0,49.0,66.0,38.0
2023-01-26 21:14:00+01:00,51.0,41.0,50.0,40.0,33.0,26.0,43.0,17.0
2023-01-26 22:12:00+01:00,0.0,21.0,8.0,24.0,20.0,10.0,0.0,0.0
2023-01-26 23:13:00+01:00,0.0,7.0,0.0,9.0,14.0,0.0,0.0,0.0
2023-01-27 00:14:00+01:00,0.0,3.0,0.0,1.0,6.0,0.0,0.0,0.0
2023-01-27 02:06:00+01:00,0.0,0.0,0.0,0.0,2.0,0.0,0.0,0.0
2023-01-27 03:42:00+01:00,0.0,0.0,0.0,0.0,1.0,0.0,0.0,0.0
2023-01-27 04:14:00+01:00,0.0,0.0,0.0,0.0,1.0,0.0,0.0,0.0
2023-01-27 05:16:00+01:00,0.0,0.0,0.0,0.0,3.0,0.0,0.0,0.0
2023-01-27 06:13:00+01:00,6.0,5.0,0.0,0.0,7.0,0.0,5.0,0.0
2023-01-27 07:18:00+01:00,22.0,17.0,11.0,7.0,12.0,5.0,12.0,16.0
2023-01-27 08:13:00+01:00,23.0,25.0,23.0,13.0,13.0,12.0,14.0,20.0
2023-01-27 09:18:00+01:00,22.0,19.0,16.0,17.0,7.0,14.0,16.0,17.0
2023-01-27 10:14:00+01:00,23.0,21.0,23.0,20.0,14.0,25.0,23.0,17.0
2023-01-27 11:15:00+01:00,23.0,21.0,36.0,22.0,17.0,27.0,21.0,14.0
2023-01-27 12:12:00+01:00,28.0,30.0,32.0,25.0,17.0,25.0,26.0,20.0
2023-01-27 13:24:00+01:00,33.0,32.0,33.0,26.0,23.0,25.0,31.0,24.0
2023-01-27 14:20:00+01:00,21.0,18.0,23.0,16.0,13.0,13.0,17.0,17.0
2023-01-27 15:13:00+01:00,24.0,18.0,28.0,17.0,15.0,14.0,23.0,13.0
2023-01-27 16:14:00+01:00,31.0,21.0,38.0,19.0,21.0,17.0,26.0,14.0
2023-01-27 17:18:00+01:00,44.0,30.0,47.0,21.0,20.0,25.0,40.0,23.0
2023-01-27 18:13:00+01:00,44.0,53.0,48.0,24.0,27.0,29.0,47.0,31.0
2023-01-27 19:16:00+01:00,40.0,46.0,41.0,28.0,32.0,26.0,45.0,29.0
2023-01-27 20:11:00+01:00,36.0,34.0,44.0,28.0,29.0,21.0,34.0,20.0
2023-01-27 21:14:00+01:00,24.0,22.0,23.0,19.0,17.0,11.0,21.0,13.0
2023-01-27 22:20:00+01:00,0.0,12.0,0.0,5.0,10.0,0.0,0.0,0.0
2023-01-28 00:14:00+01:00,0.0,0.0,0.0,0.0,4.0,0.0,0.0,0.0
2023-01-28 02:04:00+01:00,0.0,0.0,0.0,0.0,0.0,0.0,0.0,0.0
2023-01-28 03:41:00+01:00,0.0,0.0,0.0,0.0,0.0,0.0,0.0,0.0
2023-01-28 04:14:00+01:00,0.0,0.0,0.0,0.0,0.0,0.0,0.0,0.0
2023-01-28 05:16:00+01:00,0.0,0.0,0.0,0.0,0.0,0.0,0.0,0.0
2023-01-28 06:12:00+01:00,0.0,0.0,0.0,0.0,1.0,0.0,0.0,0.0
2023-01-28 07:16:00+01:00,0.0,0.0,0.0,0.0,4.0,0.0,0.0,0.0
2023-01-28 08:11:00+01:00,0.0,0.0,0.0,0.0,3.0,0.0,0.0,0.0
2023-01-28 09:16:00+01:00,6.0,9.0,0.0,5.0,6.0,5.0,0.0,0.0
2023-01-28 10:14:00+01:00,18.0,17.0,10.0,12.0,11.0,16.0,3.0,6.0
2023-01-28 11:14:00+01:00,28.0,22.0,33.0,17.0,18.0,23.0,10.0,11.0
2023-01-28 12:11:00+01:00,32.0,26.0,42.0,24.0,19.0,23.0,13.0,13.0
2023-01-28 13:23:00+01:00,25.0,24.0,41.0,24.0,15.0,22.0,17.0,11.0
2023-01-28 14:17:00+01:00,20.0,25.0,38.0,22.0,15.0,16.0,16.0,13.0
2023-01-28 15:12:00+01:00,18.0,21.0,30.0,17.0,17.0,16.0,19.0,8.0
2023-01-28 16:13:00+01:00,23.0,19.0,26.0,15.0,17.0,17.0,25.0,12.0
2023-01-28 17:16:00+01:00,23.0,21.0,28.0,19.0,12.0,14.0,27.0,15.0
2023-01-28 18:12:00+01:00,23.0,20.0,28.0,23.0,11.0,13.0,24.0,13.0
2023-01-28 19:15:00+01:00,18.0,21.0,28.0,20.0,9.0,11.0,19.0,13.0
2023-01-28 20:11:00+01:00,20.0,15.0,18.0,14.0,9.0,0.0,0.0,0.0
2023-01-28 21:13:00+01:00,0.0,5.0,4.0,4.0,8.0,0.0,0.0,0.0
2023-01-28 22:11:00+01:00,0.0,1.0,0.0,2.0,7.0,0.0,0.0,0.0
2023-01-28 23:12:00+01:00,0.0,0.0,0.0,0.0,6.0,0.0,0.0,0.0
2023-01-29 00:13:00+01:00,0.0,0.0,0.0,0.0,3.0,0.0,0.0,0.0
2023-01-29 02:09:00+01:00,0.0,0.0,0.0,0.0,1.0,0.0,0.0,0.0
2023-01-29 03:45:00+01:00,100.0,100.0,100.0,100.0,100.0,100.0,100.0,100.0
2023-01-29 04:16:00+01:00,0.0,0.0,0.0,0.0,0.0,0.0,0.0,0.0
2023-01-29 05:16:00+01:00,0.0,0.0,0.0,0.0,1.0,0.0,0.0,0.0
2023-01-29 06:12:00+01:00,0.0,0.0,0.0,0.0,1.0,0.0,0.0,0.0
2023-01-29 07:16:00+01:00,0.0,0.0,0.0,0.0,2.0,0.0,0.0,0.0
2023-01-29 08:12:00+01:00,0.0,0.0,0.0,0.0,3.0,0.0,0.0,0.0
2023-01-29 09:16:00+01:00,4.0,9.0,0.0,5.0,5.0,5.0,0.0,0.0
2023-01-29 10:13:00+01:00,15.0,24.0,16.0,11.0,9.0,22.0,3.0,6.0
2023-01-29 11:13:00+01:00,21.0,36.0,34.0,20.0,10.0,30.0,11.0,18.0
2023-01-29 12:11:00+01:00,21.0,40.0,37.0,29.0,16.0,32.0,16.0,18.0
2023-01-29 13:23:00+01:00,25.0,34.0,36.0,30.0,23.0,25.0,18.0,19.0
2023-01-29 14:17:00+01:00,30.0,27.0,37.0,27.0,26.0,20.0,25.0,22.0
2023-01-29 15:12:00+01:00,35.0,27.0,39.0,24.0,17.0,23.0,25.0,19.0
2023-01-29 16:13:00+01:00,36.0,30.0,42.0,26.0,15.0,22.0,26.0,18.0
2023-01-29 17:17:00+01:00,36.0,36.0,33.0,27.0,12.0,21.0,25.0,24.0
2023-01-29 18:12:00+01:00,40.0,32.0,36.0,27.0,16.0,16.0,23.0,22.0
2023-01-29 19:15:00+01:00,34.0,26.0,31.0,20.0,12.0,13.0,17.0,13.0
2023-01-29 20:10:00+01:00,21.0,18.0,21.0,16.0,13.0,0.0,8.0,1.0
2023-01-29 21:13:00+01:00,0.0,5.0,0.0,4.0,10.0,0.0,0.0,1.0
2023-01-29 22:11:00+01:00,0.0,0.0,0.0,2.0,8.0,0.0,0.0,0.0
2023-01-29 23:13:00+01:00,0.0,0.0,0.0,0.0,2.0,0.0,0.0,0.0
2023-01-30 00:14:00+01:00,0.0,0.0,0.0,0.0,1.0,0.0,0.0,0.0
2023-01-30 02:02:00+01:00,0.0,0.0,0.0,0.0,0.0,0.0,0.0,0.0
2023-01-30 03:37:00+01:00,0.0,0.0,0.0,0.0,0.0,0.0,0.0,0.0
2023-01-30 04:16:00+01:00,0.0,0.0,0.0,0.0,1.0,0.0,0.0,0.0
2023-01-30 05:16:00+01:00,0.0,0.0,0.0,0.0,1.0,0.0,0.0,0.0
2023-01-30 06:13:00+01:00,7.0,3.0,0.0,0.0,8.0,0.0,3.0,0.0
2023-01-30 07:18:00+01:00,17.0,11.0,8.0,2.0,14.0,4.0,7.0,10.0
2023-01-30 08:13:00+01:00,18.0,13.0,14.0,5.0,7.0,7.0,9.0,8.0
2023-01-30 09:18:00+01:00,15.0,13.0,15.0,10.0,4.0,11.0,7.0,4.0
2023-01-30 10:14:00+01:00,15.0,12.0,18.0,16.0,6.0,16.0,7.0,5.0
2023-01-30 11:15:00+01:00,13.0,11.0,27.0,21.0,8.0,16.0,12.0,6.0
2023-01-30 12:12:00+01:00,17.0,14.0,26.0,16.0,13.0,14.0,11.0,10.0
2023-01-30 13:25:00+01:00,20.0,14.0,17.0,17.0,13.0,9.0,17.0,18.0
2023-01-30 14:23:00+01:00,17.0,13.0,18.0,16.0,9.0,11.0,21.0,11.0
2023-01-30 15:13:00+01:00,21.0,13.0,25.0,17.0,8.0,10.0,23.0,9.0
2023-01-30 16:16:00+01:00,21.0,17.0,28.0,17.0,16.0,18.0,19.0,12.0
2023-01-30 17:19:00+01:00,38.0,34.0,42.0,24.0,25.0,27.0,32.0,20.0
2023-01-30 18:13:00+01:00,52.0,46.0,56.0,36.0,42.0,33.0,39.0,38.0
2023-01-30 19:17:00+01:00,66.0,52.0,63.0,44.0,43.0,37.0,57.0,37.0
2023-01-30 20:12:00+01:00,60.0,45.0,52.0,37.0,38.0,26.0,48.0,34.0
2023-01-30 21:14:00+01:00,37.0,35.0,31.0,28.0,24.0,17.0,35.0,18.0
2023-01-30 22:12:00+01:00,14.0,20.0,13.0,17.0,15.0,5.0,1.0,0.0
2023-01-30 23:13:00+01:00,0.0,0.0,1.0,7.0,8.0,1.0,1.0,0.0
2023-01-31 00:15:00+01:00,0.0,0.0,0.0,2.0,4.0,0.0,1.0,0.0
2023-01-31 02:07:00+01:00,0.0,0.0,0.0,0.0,0.0,0.0,0.0,0.0
2023-01-31 03:44:00+01:00,0.0,0.0,0.0,0.0,0.0,0.0,0.0,0.0
2023-01-31 04:16:00+01:00,0.0,0.0,0.0,0.0,0.0,0.0,0.0,0.0
2023-01-31 05:16:00+01:00,0.0,0.0,0.0,0.0,2.0,0.0,0.0,0.0
2023-01-31 06:13:00+01:00,6.0,2.0,0.0,0.0,4.0,0.0,5.0,0.0
2023-01-31 07:18:00+01:00,21.0,11.0,10.0,5.0,11.0,5.0,13.0,14.0
2023-01-31 08:13:00+01:00,19.0,13.0,16.0,11.0,8.0,8.0,17.0,12.0
2023-01-31 09:17:00+01:00,12.0,15.0,15.0,11.0,4.0,10.0,8.0,5.0
2023-01-31 10:14:00+01:00,12.0,15.0,21.0,11.0,7.0,13.0,8.0,5.0
2023-01-31 11:15:00+01:00,15.0,11.0,24.0,9.0,9.0,13.0,8.0,6.0
2023-01-31 12:12:00+01:00,11.0,14.0,22.0,11.0,11.0,11.0,12.0,11.0
2023-01-31 13:25:00+01:00,19.0,11.0,17.0,13.0,12.0,13.0,16.0,13.0
2023-01-31 14:25:00+01:00,17.0,12.0,19.0,13.0,11.0,13.0,17.0,11.0
2023-01-31 15:14:00+01:00,21.0,13.0,20.0,15.0,12.0,13.0,17.0,11.0
2023-01-31 16:15:00+01:00,21.0,21.0,25.0,18.0,17.0,18.0,23.0,15.0
2023-01-31 17:19:00+01:00,30.0,28.0,39.0,25.0,22.0,27.0,35.0,25.0
2023-01-31 18:13:00+01:00,41.0,37.0,52.0,34.0,35.0,36.0,43.0,47.0
2023-01-31 19:17:00+01:00,56.0,51.0,54.0,47.0,36.0,31.0,57.0,51.0
2023-01-31 20:11:00+01:00,47.0,48.0,47.0,49.0,37.0,26.0,48.0,36.0
2023-01-31 21:15:00+01:00,33.0,35.0,30.0,34.0,26.0,16.0,33.0,21.0
2023-01-31 22:13:00+01:00,9.0,19.0,14.0,15.0,17.0,0.0,0.0,0.0
2023-02-01 00:14:00+01:00,0.0,0.0,0.0,1.0,4.0,0.0,0.0,0.0
2023-02-01 02:12:00+01:00,0.0,0.0,0.0,0.0,2.0,0.0,0.0,0.0
2023-02-01 03:54:00+01:00,0.0,0.0,0.0,0.0,0.0,0.0,0.0,0.0
2023-02-01 04:23:00+01:00,0.0,0.0,0.0,0.0,0.0,0.0,0.0,0.0
2023-02-01 05:16:00+01:00,0.0,0.0,0.0,0.0,3.0,0.0,0.0,0.0
2023-02-01 06:14:00+01:00,3.0,2.0,0.0,0.0,8.0,0.0,2.0,0.0
2023-02-01 07:18:00+01:00,13.0,11.0,5.0,6.0,11.0,5.0,7.0,7.0
2023-02-01 08:14:00+01:00,12.0,13.0,11.0,9.0,7.0,9.0,6.0,7.0
2023-02-01 09:17:00+01:00,10.0,11.0,16.0,9.0,6.0,15.0,6.0,2.0
2023-02-01 10:14:00+01:00,9.0,11.0,17.0,10.0,5.0,14.0,7.0,4.0
2023-02-01 11:16:00+01:00,8.0,13.0,17.0,16.0,6.0,9.0,3.0,7.0
2023-02-01 12:12:00+01:00,10.0,100.0,16.0,13.0,10.0,10.0,6.0,10.0
2023-02-01 13:27:00+01:00,16.0,13.0,17.0,12.0,9.0,8.0,16.0,14.0
2023-02-01 14:22:00+01:00,15.0,15.0,18.0,13.0,10.0,8.0,13.0,13.0
2023-02-01 15:13:00+01:00,16.0,18.0,19.0,13.0,8.0,8.0,15.0,12.0
2023-02-01 16:14:00+01:00,18.0,19.0,25.0,14.0,13.0,14.0,16.0,13.0
2023-02-01 17:17:00+01:00,24.0,29.0,43.0,23.0,20.0,22.0,23.0,15.0
2023-02-01 18:13:00+01:00,33.0,36.0,57.0,34.0,31.0,32.0,31.0,29.0
2023-02-01 19:17:00+01:00,36.0,50.0,59.0,48.0,43.0,33.0,35.0,32.0
2023-02-01 20:12:00+01:00,36.0,42.0,53.0,43.0,33.0,25.0,33.0,22.0
2023-02-01 21:14:00+01:00,22.0,32.0,37.0,30.0,16.0,15.0,19.0,13.0
2023-02-01 22:12:00+01:00,0.0,14.0,12.0,13.0,11.0,0.0,0.0,0.0
2023-02-02 00:14:00+01:00,0.0,0.0,0.0,1.0,5.0,0.0,0.0,0.0
2023-02-02 02:05:00+01:00,0.0,0.0,0.0,0.0,0.0,0.0,0.0,0.0
2023-02-02 03:44:00+01:00,0.0,0.0,0.0,0.0,1.0,0.0,0.0,0.0
2023-02-02 04:15:00+01:00,0.0,0.0,0.0,0.0,0.0,0.0,0.0,0.0
2023-02-02 05:17:00+01:00,0.0,0.0,0.0,0.0,2.0,0.0,0.0,0.0
2023-02-02 06:13:00+01:00,5.0,2.0,0.0,0.0,8.0,0.0,3.0,0.0
2023-02-02 07:17:00+01:00,100.0,9.0,100.0,4.0,10.0,2.0,10.0,13.0
2023-02-02 08:13:00+01:00,15.0,12.0,15.0,5.0,10.0,9.0,10.0,13.0
2023-02-02 09:18:00+01:00,8.0,12.0,18.0,7.0,9.0,9.0,11.0,5.0
2023-02-02 10:14:00+01:00,11.0,9.0,24.0,11.0,10.0,11.0,8.0,7.0
2023-02-02 11:15:00+01:00,16.0,2.0,19.0,13.0,8.0,9.0,7.0,6.0
2023-02-02 12:12:00+01:00,15.0,0.0,14.0,14.0,12.0,11.0,10.0,9.0
2023-02-02 13:27:00+01:00,22.0,0.0,16.0,15.0,10.0,14.0,17.0,14.0
2023-02-02 14:22:00+01:00,19.0,0.0,19.0,17.0,6.0,12.0,20.0,8.0
2023-02-02 15:13:00+01:00,19.0,0.0,21.0,15.0,9.0,10.0,14.0,9.0
2023-02-02 16:14:00+01:00,21.0,0.0,23.0,16.0,16.0,11.0,21.0,15.0
2023-02-02 17:19:00+01:00,34.0,0.0,30.0,21.0,20.0,23.0,27.0,23.0
2023-02-02 18:13:00+01:00,50.0,0.0,49.0,26.0,34.0,33.0,44.0,33.0
2023-02-02 19:17:00+01:00,54.0,0.0,54.0,29.0,39.0,35.0,59.0,30.0
2023-02-02 20:11:00+01:00,45.0,0.0,53.0,29.0,34.0,25.0,50.0,22.0
2023-02-02 21:14:00+01:00,26.0,0.0,35.0,23.0,25.0,16.0,26.0,9.0
2023-02-02 22:12:00+01:00,0.0,100.0,4.0,15.0,14.0,0.0,8.0,2.0
2023-02-03 00:14:00+01:00,0.0,0.0,0.0,0.0,1.0,0.0,0.0,0.0
2023-02-03 02:07:00+01:00,0.0,0.0,0.0,0.0,1.0,0.0,0.0,0.0
2023-02-03 03:46:00+01:00,0.0,0.0,0.0,0.0,0.0,0.0,0.0,0.0
2023-02-03 04:18:00+01:00,0.0,0.0,0.0,0.0,0.0,0.0,0.0,0.0
2023-02-03 05:17:00+01:00,0.0,0.0,0.0,0.0,2.0,0.0,0.0,0.0
2023-02-03 06:13:00+01:00,5.0,0.0,0.0,0.0,8.0,0.0,2.0,0.0
2023-02-03 07:17:00+01:00,17.0,0.0,11.0,4.0,10.0,3.0,5.0,8.0
2023-02-03 08:13:00+01:00,14.0,0.0,19.0,8.0,6.0,6.0,9.0,9.0
2023-02-03 09:19:00+01:00,7.0,0.0,16.0,11.0,4.0,12.0,11.0,8.0
2023-02-03 10:14:00+01:00,10.0,0.0,19.0,12.0,8.0,20.0,10.0,8.0
2023-02-03 11:15:00+01:00,10.0,0.0,19.0,9.0,9.0,16.0,13.0,10.0
2023-02-03 12:12:00+01:00,15.0,0.0,22.0,10.0,16.0,13.0,17.0,14.0
2023-02-03 13:25:00+01:00,20.0,9.0,23.0,13.0,18.0,11.0,18.0,16.0
2023-02-03 14:21:00+01:00,22.0,15.0,26.0,17.0,12.0,12.0,17.0,12.0
2023-02-03 15:13:00+01:00,26.0,20.0,30.0,19.0,17.0,14.0,18.0,13.0
2023-02-03 16:15:00+01:00,33.0,25.0,37.0,23.0,18.0,16.0,23.0,14.0
2023-02-03 17:18:00+01:00,48.0,36.0,40.0,21.0,22.0,23.0,36.0,25.0
2023-02-03 18:13:00+01:00,49.0,44.0,35.0,25.0,31.0,25.0,36.0,36.0
2023-02-03 19:17:00+01:00,50.0,36.0,37.0,37.0,34.0,24.0,38.0,32.0
2023-02-03 20:11:00+01:00,38.0,27.0,32.0,32.0,28.0,22.0,28.0,30.0
2023-02-03 21:14:00+01:00,25.0,21.0,19.0,20.0,15.0,13.0,22.0,15.0
2023-02-03 22:12:00+01:00,1.0,12.0,0.0,6.0,10.0,0.0,7.0,3.0
2023-02-03 23:13:00+01:00,1.0,0.0,0.0,2.0,7.0,0.0,2.0,0.0
2023-02-04 00:14:00+01:00,1.0,0.0,0.0,0.0,4.0,0.0,0.0,0.0
2023-02-04 02:02:00+01:00,0.0,0.0,0.0,0.0,3.0,0.0,0.0,0.0
2023-02-04 03:36:00+01:00,0.0,0.0,0.0,0.0,1.0,0.0,0.0,0.0
2023-02-04 04:14:00+01:00,0.0,0.0,0.0,0.0,0.0,0.0,0.0,0.0
2023-02-04 05:16:00+01:00,0.0,0.0,0.0,0.0,0.0,0.0,0.0,0.0
2023-02-04 06:12:00+01:00,0.0,0.0,0.0,0.0,0.0,0.0,0.0,0.0
2023-02-04 07:16:00+01:00,0.0,0.0,0.0,0.0,3.0,0.0,0.0,0.0
2023-02-04 08:12:00+01:00,0.0,0.0,0.0,0.0,5.0,0.0,0.0,0.0
2023-02-04 09:16:00+01:00,6.0,9.0,0.0,5.0,12.0,6.0,0.0,0.0
2023-02-04 10:12:00+01:00,15.0,19.0,13.0,12.0,18.0,19.0,0.0,5.0
2023-02-04 11:14:00+01:00,32.0,30.0,34.0,15.0,22.0,24.0,0.0,16.0
2023-02-04 12:12:00+01:00,35.0,29.0,30.0,24.0,23.0,27.0,7.0,19.0
2023-02-04 13:22:00+01:00,28.0,30.0,31.0,25.0,19.0,20.0,12.0,19.0
2023-02-04 14:17:00+01:00,21.0,28.0,31.0,25.0,17.0,16.0,20.0,15.0
2023-02-04 15:13:00+01:00,24.0,23.0,28.0,20.0,18.0,16.0,21.0,15.0
2023-02-04 16:13:00+01:00,23.0,17.0,23.0,17.0,17.0,17.0,20.0,14.0
2023-02-04 17:18:00+01:00,23.0,21.0,25.0,22.0,12.0,15.0,25.0,15.0
2023-02-04 18:11:00+01:00,22.0,18.0,23.0,23.0,10.0,12.0,24.0,18.0
2023-02-04 19:15:00+01:00,20.0,19.0,23.0,17.0,12.0,11.0,20.0,14.0
2023-02-04 20:11:00+01:00,18.0,13.0,23.0,12.0,12.0,0.0,5.0,3.0
2023-02-04 21:13:00+01:00,7.0,5.0,2.0,6.0,12.0,0.0,3.0,0.0
2023-02-04 22:12:00+01:00,0.0,1.0,0.0,0.0,9.0,0.0,0.0,0.0
2023-02-04 23:12:00+01:00,0.0,0.0,0.0,0.0,7.0,0.0,0.0,0.0
2023-02-05 00:13:00+01:00,0.0,0.0,0.0,0.0,2.0,0.0,0.0,0.0
2023-02-05 02:11:00+01:00,0.0,0.0,0.0,0.0,0.0,0.0,0.0,0.0
2023-02-05 03:48:00+01:00,0.0,0.0,0.0,0.0,1.0,0.0,0.0,0.0
2023-02-05 04:18:00+01:00,0.0,0.0,0.0,0.0,0.0,0.0,0.0,0.0
2023-02-05 05:16:00+01:00,0.0,0.0,0.0,0.0,0.0,0.0,0.0,0.0
2023-02-05 06:12:00+01:00,0.0,0.0,0.0,0.0,1.0,0.0,0.0,0.0
2023-02-05 07:16:00+01:00,0.0,0.0,0.0,0.0,1.0,0.0,0.0,0.0
2023-02-05 08:12:00+01:00,0.0,0.0,0.0,0.0,4.0,0.0,0.0,0.0
2023-02-05 09:16:00+01:00,6.0,9.0,0.0,3.0,6.0,7.0,0.0,0.0
2023-02-05 10:13:00+01:00,14.0,24.0,16.0,14.0,9.0,26.0,5.0,9.0
2023-02-05 11:13:00+01:00,27.0,32.0,37.0,18.0,9.0,28.0,12.0,19.0
2023-02-05 12:11:00+01:00,34.0,35.0,42.0,26.0,15.0,32.0,22.0,22.0
2023-02-05 13:23:00+01:00,33.0,32.0,36.0,28.0,24.0,30.0,22.0,17.0
2023-02-05 14:18:00+01:00,28.0,33.0,34.0,23.0,25.0,20.0,25.0,16.0
2023-02-05 15:12:00+01:00,29.0,26.0,35.0,23.0,22.0,18.0,25.0,14.0
2023-02-05 16:13:00+01:00,32.0,34.0,37.0,28.0,22.0,17.0,29.0,18.0
2023-02-05 17:17:00+01:00,38.0,32.0,32.0,28.0,17.0,21.0,26.0,15.0
2023-02-05 18:12:00+01:00,33.0,31.0,33.0,25.0,19.0,23.0,24.0,18.0
2023-02-05 19:15:00+01:00,35.0,26.0,28.0,20.0,17.0,15.0,21.0,17.0
2023-02-05 20:11:00+01:00,24.0,22.0,18.0,17.0,17.0,4.0,10.0,0.0
2023-02-05 21:13:00+01:00,0.0,0.0,0.0,1.0,16.0,2.0,0.0,0.0
2023-02-05 22:12:00+01:00,0.0,0.0,0.0,1.0,11.0,0.0,0.0,0.0
2023-02-05 23:13:00+01:00,0.0,0.0,0.0,1.0,4.0,0.0,0.0,0.0
2023-02-06 02:02:00+01:00,0.0,0.0,0.0,0.0,0.0,0.0,0.0,0.0
2023-02-06 03:38:00+01:00,0.0,0.0,0.0,0.0,0.0,0.0,0.0,0.0
2023-02-06 04:14:00+01:00,0.0,0.0,0.0,0.0,0.0,0.0,0.0,0.0
2023-02-06 05:17:00+01:00,0.0,0.0,0.0,0.0,2.0,0.0,0.0,0.0
2023-02-06 06:13:00+01:00,8.0,3.0,0.0,0.0,10.0,0.0,4.0,0.0
2023-02-06 07:18:00+01:00,20.0,11.0,7.0,2.0,11.0,3.0,8.0,13.0
2023-02-06 08:14:00+01:00,18.0,100.0,15.0,5.0,11.0,5.0,8.0,13.0
2023-02-06 09:18:00+01:00,14.0,19.0,12.0,7.0,7.0,9.0,9.0,6.0
2023-02-06 10:14:00+01:00,15.0,15.0,23.0,14.0,7.0,16.0,9.0,7.0
2023-02-06 11:15:00+01:00,13.0,14.0,27.0,19.0,7.0,12.0,8.0,9.0
2023-02-06 12:12:00+01:00,17.0,15.0,25.0,17.0,12.0,11.0,12.0,17.0
2023-02-06 13:26:00+01:00,25.0,16.0,21.0,15.0,12.0,10.0,21.0,17.0
2023-02-06 14:28:00+01:00,23.0,14.0,22.0,12.0,11.0,10.0,20.0,9.0
2023-02-06 15:13:00+01:00,20.0,10.0,24.0,10.0,11.0,12.0,21.0,6.0
2023-02-06 16:14:00+01:00,20.0,14.0,28.0,16.0,19.0,15.0,21.0,9.0
2023-02-06 17:19:00+01:00,35.0,28.0,44.0,23.0,31.0,25.0,28.0,19.0
2023-02-06 18:12:00+01:00,53.0,100.0,66.0,36.0,44.0,39.0,49.0,32.0
2023-02-06 19:17:00+01:00,64.0,58.0,57.0,47.0,47.0,43.0,58.0,41.0
2023-02-06 20:12:00+01:00,53.0,50.0,50.0,40.0,37.0,36.0,52.0,32.0
2023-02-06 21:15:00+01:00,33.0,32.0,32.0,26.0,26.0,19.0,26.0,20.0
2023-02-06 22:13:00+01:00,0.0,17.0,18.0,13.0,19.0,0.0,0.0,1.0
2023-02-07 00:14:00+01:00,0.0,0.0,0.0,0.0,3.0,0.0,0.0,0.0
2023-02-07 02:04:00+01:00,0.0,0.0,0.0,0.0,1.0,0.0,0.0,0.0
2023-02-07 03:38:00+01:00,0.0,0.0,0.0,0.0,0.0,0.0,0.0,0.0
2023-02-07 04:15:00+01:00,0.0,0.0,0.0,0.0,0.0,0.0,0.0,0.0
2023-02-07 05:16:00+01:00,0.0,0.0,0.0,0.0,2.0,0.0,0.0,0.0
2023-02-07 06:14:00+01:00,6.0,2.0,0.0,0.0,8.0,0.0,5.0,0.0
2023-02-07 07:17:00+01:00,19.0,13.0,8.0,5.0,13.0,3.0,13.0,12.0
2023-02-07 08:13:00+01:00,18.0,13.0,12.0,5.0,8.0,5.0,15.0,10.0
2023-02-07 09:18:00+01:00,16.0,17.0,13.0,8.0,5.0,10.0,8.0,5.0
2023-02-07 10:14:00+01:00,14.0,15.0,20.0,11.0,6.0,12.0,7.0,6.0
2023-02-07 11:15:00+01:00,15.0,15.0,22.0,9.0,7.0,12.0,12.0,9.0
2023-02-07 12:12:00+01:00,13.0,11.0,21.0,9.0,8.0,12.0,14.0,13.0
2023-02-07 13:26:00+01:00,22.0,10.0,17.0,10.0,11.0,13.0,16.0,16.0
2023-02-07 14:21:00+01:00,19.0,9.0,19.0,11.0,8.0,12.0,14.0,13.0
2023-02-07 15:14:00+01:00,20.0,13.0,21.0,13.0,9.0,11.0,16.0,13.0
2023-02-07 16:15:00+01:00,20.0,17.0,31.0,17.0,13.0,15.0,20.0,13.0
2023-02-07 17:18:00+01:00,28.0,28.0,46.0,26.0,27.0,25.0,31.0,22.0
2023-02-07 18:13:00+01:00,44.0,39.0,66.0,37.0,43.0,32.0,43.0,43.0
2023-02-07 19:17:00+01:00,58.0,55.0,64.0,49.0,45.0,33.0,55.0,50.0
2023-02-07 20:13:00+01:00,48.0,52.0,49.0,36.0,34.0,27.0,44.0,59.0
2023-02-07 21:16:00+01:00,27.0,34.0,35.0,26.0,22.0,17.0,25.0,41.0
2023-02-07 22:15:00+01:00,0.0,18.0,13.0,10.0,13.0,0.0,0.0,0.0
2023-02-08 02:05:00+01:00,0.0,0.0,0.0,0.0,0.0,0.0,0.0,0.0
2023-02-08 03:46:00+01:00,0.0,0.0,0.0,0.0,0.0,0.0,0.0,0.0
2023-02-08 04:18:00+01:00,0.0,0.0,0.0,0.0,0.0,0.0,0.0,0.0
2023-02-08 05:17:00+01:00,0.0,0.0,0.0,0.0,2.0,0.0,0.0,0.0
2023-02-08 06:13:00+01:00,4.0,2.0,0.0,0.0,8.0,0.0,3.0,0.0
2023-02-08 07:18:00+01:00,16.0,11.0,8.0,3.0,13.0,3.0,12.0,12.0
2023-02-08 08:14:00+01:00,19.0,15.0,16.0,8.0,8.0,6.0,15.0,12.0
2023-02-08 09:18:00+01:00,16.0,13.0,19.0,8.0,6.0,12.0,11.0,4.0
2023-02-08 10:15:00+01:00,16.0,11.0,23.0,11.0,7.0,13.0,10.0,7.0
2023-02-08 11:17:00+01:00,14.0,15.0,20.0,14.0,8.0,6.0,12.0,6.0
2023-02-08 12:13:00+01:00,20.0,18.0,21.0,17.0,11.0,8.0,16.0,16.0
2023-02-08 13:26:00+01:00,21.0,16.0,18.0,12.0,11.0,9.0,14.0,15.0
2023-02-08 14:23:00+01:00,21.0,14.0,21.0,12.0,13.0,12.0,16.0,12.0
2023-02-08 15:14:00+01:00,21.0,13.0,18.0,12.0,11.0,12.0,16.0,6.0
2023-02-08 16:15:00+01:00,24.0,14.0,19.0,13.0,20.0,15.0,23.0,12.0
2023-02-08 17:18:00+01:00,31.0,25.0,35.0,20.0,23.0,23.0,33.0,22.0
2023-02-08 18:13:00+01:00,45.0,38.0,53.0,28.0,33.0,30.0,41.0,35.0
2023-02-08 19:17:00+01:00,46.0,52.0,61.0,41.0,37.0,40.0,42.0,36.0
2023-02-08 20:12:00+01:00,37.0,43.0,48.0,40.0,28.0,28.0,41.0,31.0
2023-02-08 21:15:00+01:00,28.0,30.0,33.0,30.0,19.0,19.0,24.0,17.0
2023-02-08 22:13:00+01:00,0.0,18.0,9.0,16.0,11.0,0.0,1.0,5.0
2023-02-09 00:14:00+01:00,0.0,0.0,1.0,0.0,2.0,0.0,1.0,0.0
2023-02-09 02:03:00+01:00,0.0,0.0,0.0,0.0,0.0,0.0,0.0,0.0
2023-02-09 03:47:00+01:00,0.0,0.0,0.0,0.0,0.0,0.0,0.0,0.0
2023-02-09 04:17:00+01:00,0.0,0.0,0.0,0.0,0.0,0.0,0.0,0.0
2023-02-09 05:16:00+01:00,0.0,0.0,0.0,0.0,0.0,0.0,0.0,0.0
2023-02-09 06:14:00+01:00,4.0,1.0,0.0,0.0,5.0,0.0,4.0,0.0
2023-02-09 07:18:00+01:00,14.0,7.0,8.0,4.0,12.0,4.0,12.0,12.0
2023-02-09 08:13:00+01:00,14.0,9.0,13.0,8.0,8.0,8.0,11.0,9.0
2023-02-09 09:18:00+01:00,10.0,12.0,12.0,12.0,9.0,11.0,10.0,5.0
2023-02-09 10:15:00+01:00,10.0,13.0,19.0,14.0,10.0,11.0,7.0,10.0
2023-02-09 12:13:00+01:00,14.0,14.0,21.0,13.0,7.0,13.0,15.0,11.0
2023-02-09 13:28:00+01:00,21.0,15.0,20.0,15.0,11.0,11.0,19.0,12.0
2023-02-09 14:26:00+01:00,18.0,16.0,15.0,14.0,11.0,9.0,15.0,15.0
2023-02-09 15:14:00+01:00,15.0,13.0,18.0,14.0,10.0,9.0,16.0,17.0
2023-02-09 16:15:00+01:00,15.0,100.0,23.0,15.0,9.0,15.0,17.0,13.0
2023-02-09 17:19:00+01:00,27.0,25.0,40.0,21.0,23.0,24.0,27.0,22.0
2023-02-09 18:13:00+01:00,43.0,44.0,44.0,26.0,35.0,34.0,35.0,31.0
2023-02-09 19:17:00+01:00,50.0,43.0,49.0,34.0,36.0,34.0,38.0,30.0
2023-02-09 20:12:00+01:00,40.0,34.0,40.0,30.0,29.0,30.0,36.0,23.0
2023-02-09 21:15:00+01:00,22.0,26.0,26.0,27.0,22.0,18.0,18.0,14.0
2023-02-09 22:13:00+01:00,0.0,17.0,1.0,16.0,13.0,0.0,0.0,2.0
2023-02-10 00:15:00+01:00,0.0,0.0,0.0,1.0,4.0,0.0,0.0,0.0
2023-02-10 02:09:00+01:00,0.0,0.0,0.0,0.0,1.0,0.0,0.0,0.0
2023-02-10 03:51:00+01:00,0.0,0.0,0.0,0.0,0.0,0.0,0.0,0.0
2023-02-10 04:21:00+01:00,0.0,0.0,0.0,0.0,1.0,0.0,0.0,0.0
2023-02-10 05:17:00+01:00,0.0,0.0,0.0,0.0,2.0,0.0,0.0,0.0
2023-02-10 06:14:00+01:00,3.0,3.0,0.0,0.0,7.0,0.0,4.0,0.0
2023-02-10 07:19:00+01:00,12.0,10.0,10.0,5.0,10.0,4.0,8.0,8.0
2023-02-10 08:13:00+01:00,14.0,16.0,16.0,8.0,7.0,6.0,9.0,9.0
2023-02-10 09:18:00+01:00,12.0,15.0,16.0,11.0,8.0,11.0,9.0,5.0
2023-02-10 10:15:00+01:00,13.0,15.0,21.0,15.0,9.0,19.0,7.0,8.0
2023-02-10 11:16:00+01:00,13.0,16.0,24.0,20.0,12.0,18.0,10.0,9.0
2023-02-10 12:12:00+01:00,14.0,20.0,29.0,19.0,13.0,16.0,16.0,10.0
2023-02-10 13:25:00+01:00,19.0,19.0,25.0,17.0,14.0,14.0,19.0,19.0
2023-02-10 14:22:00+01:00,18.0,20.0,24.0,14.0,13.0,11.0,22.0,11.0
2023-02-10 15:13:00+01:00,24.0,17.0,27.0,15.0,15.0,14.0,19.0,12.0
2023-02-10 16:15:00+01:00,28.0,24.0,32.0,21.0,20.0,23.0,29.0,18.0
2023-02-10 17:18:00+01:00,43.0,34.0,31.0,28.0,23.0,22.0,35.0,30.0
2023-02-10 18:14:00+01:00,52.0,42.0,38.0,33.0,35.0,25.0,35.0,36.0
2023-02-10 19:17:00+01:00,49.0,47.0,38.0,41.0,37.0,25.0,33.0,36.0
2023-02-10 20:12:00+01:00,36.0,34.0,37.0,39.0,31.0,22.0,26.0,29.0
2023-02-10 21:14:00+01:00,28.0,22.0,23.0,22.0,20.0,12.0,16.0,16.0
2023-02-10 22:13:00+01:00,0.0,10.0,4.0,7.0,11.0,0.0,0.0,0.0
2023-02-10 23:14:00+01:00,0.0,0.0,3.0,0.0,7.0,0.0,0.0,0.0
2023-02-11 00:14:00+01:00,0.0,0.0,0.0,0.0,3.0,0.0,0.0,0.0
2023-02-11 02:00:00+01:00,0.0,0.0,0.0,0.0,1.0,0.0,0.0,0.0
2023-02-11 03:19:00+01:00,0.0,0.0,0.0,0.0,1.0,0.0,0.0,0.0
2023-02-11 04:15:00+01:00,0.0,0.0,0.0,0.0,1.0,0.0,0.0,0.0
2023-02-11 05:17:00+01:00,0.0,0.0,0.0,0.0,0.0,0.0,0.0,0.0
2023-02-11 06:13:00+01:00,0.0,0.0,0.0,0.0,1.0,0.0,0.0,0.0
2023-02-11 07:16:00+01:00,0.0,0.0,0.0,0.0,3.0,0.0,0.0,0.0
2023-02-11 08:12:00+01:00,0.0,0.0,0.0,0.0,3.0,0.0,0.0,0.0
2023-02-11 09:16:00+01:00,6.0,8.0,0.0,6.0,9.0,3.0,0.0,0.0
2023-02-11 10:13:00+01:00,17.0,18.0,9.0,12.0,14.0,13.0,4.0,4.0
2023-02-11 11:13:00+01:00,24.0,32.0,29.0,16.0,19.0,17.0,10.0,10.0
2023-02-11 12:12:00+01:00,29.0,32.0,29.0,21.0,23.0,23.0,14.0,13.0
2023-02-11 13:23:00+01:00,26.0,26.0,28.0,21.0,17.0,22.0,21.0,15.0
2023-02-11 14:18:00+01:00,25.0,25.0,37.0,21.0,18.0,18.0,18.0,16.0
2023-02-11 15:12:00+01:00,23.0,19.0,31.0,17.0,17.0,17.0,17.0,15.0
2023-02-11 16:14:00+01:00,20.0,16.0,28.0,17.0,18.0,13.0,19.0,14.0
2023-02-11 17:16:00+01:00,20.0,19.0,22.0,25.0,15.0,15.0,19.0,9.0
2023-02-11 18:12:00+01:00,20.0,18.0,26.0,25.0,8.0,15.0,12.0,9.0
2023-02-11 19:16:00+01:00,19.0,19.0,23.0,23.0,11.0,13.0,11.0,12.0
2023-02-11 20:11:00+01:00,14.0,17.0,19.0,15.0,9.0,0.0,0.0,1.0
2023-02-11 21:14:00+01:00,0.0,0.0,3.0,0.0,8.0,0.0,0.0,0.0
2023-02-11 22:12:00+01:00,0.0,0.0,0.0,0.0,9.0,0.0,0.0,0.0
2023-02-11 23:13:00+01:00,0.0,0.0,0.0,0.0,5.0,0.0,0.0,0.0
2023-02-12 00:13:00+01:00,0.0,0.0,0.0,0.0,3.0,0.0,0.0,0.0
2023-02-12 02:09:00+01:00,0.0,0.0,0.0,0.0,1.0,0.0,0.0,0.0
2023-02-12 03:46:00+01:00,0.0,0.0,0.0,0.0,1.0,0.0,0.0,0.0
2023-02-12 04:17:00+01:00,0.0,0.0,0.0,0.0,1.0,0.0,0.0,0.0
2023-02-12 05:16:00+01:00,0.0,0.0,0.0,0.0,0.0,0.0,0.0,0.0
2023-02-12 06:13:00+01:00,0.0,0.0,0.0,0.0,1.0,0.0,0.0,0.0
2023-02-12 07:16:00+01:00,0.0,0.0,0.0,0.0,1.0,0.0,0.0,0.0
2023-02-12 08:12:00+01:00,0.0,0.0,0.0,0.0,2.0,0.0,0.0,0.0
2023-02-12 09:16:00+01:00,6.0,10.0,0.0,5.0,6.0,4.0,0.0,0.0
2023-02-12 10:13:00+01:00,16.0,25.0,15.0,10.0,10.0,21.0,3.0,5.0
2023-02-12 11:14:00+01:00,18.0,32.0,35.0,17.0,9.0,28.0,12.0,20.0
2023-02-12 12:12:00+01:00,29.0,32.0,33.0,24.0,14.0,32.0,18.0,20.0
2023-02-12 13:24:00+01:00,28.0,31.0,36.0,24.0,19.0,30.0,21.0,24.0
2023-02-12 14:18:00+01:00,30.0,31.0,37.0,25.0,22.0,24.0,24.0,20.0
2023-02-12 15:12:00+01:00,27.0,28.0,41.0,23.0,22.0,25.0,21.0,18.0
2023-02-12 16:13:00+01:00,33.0,26.0,39.0,25.0,20.0,24.0,23.0,19.0
2023-02-12 17:17:00+01:00,38.0,28.0,33.0,22.0,17.0,22.0,20.0,19.0
2023-02-12 18:12:00+01:00,32.0,30.0,32.0,25.0,15.0,17.0,19.0,13.0
2023-02-12 19:16:00+01:00,30.0,28.0,25.0,20.0,16.0,14.0,12.0,12.0
2023-02-12 20:11:00+01:00,21.0,20.0,19.0,22.0,13.0,4.0,5.0,6.0
2023-02-12 21:14:00+01:00,0.0,0.0,0.0,8.0,12.0,0.0,2.0,0.0
2023-02-12 22:12:00+01:00,0.0,0.0,0.0,4.0,7.0,0.0,0.0,0.0
2023-02-12 23:13:00+01:00,0.0,0.0,0.0,0.0,4.0,0.0,0.0,0.0
2023-02-13 00:14:00+01:00,0.0,0.0,0.0,0.0,1.0,0.0,0.0,0.0
2023-02-13 02:07:00+01:00,0.0,0.0,0.0,0.0,0.0,0.0,0.0,0.0
2023-02-13 03:46:00+01:00,0.0,0.0,0.0,0.0,0.0,0.0,0.0,0.0
2023-02-13 04:19:00+01:00,0.0,0.0,0.0,0.0,0.0,0.0,0.0,0.0
2023-02-13 05:17:00+01:00,0.0,0.0,0.0,0.0,2.0,0.0,0.0,0.0
2023-02-13 06:14:00+01:00,6.0,100.0,0.0,0.0,9.0,0.0,3.0,0.0
2023-02-13 07:18:00+01:00,15.0,10.0,9.0,4.0,11.0,3.0,8.0,12.0
2023-02-13 08:14:00+01:00,14.0,16.0,14.0,5.0,10.0,6.0,13.0,18.0
2023-02-13 09:19:00+01:00,12.0,11.0,17.0,11.0,6.0,9.0,12.0,22.0
2023-02-13 10:15:00+01:00,14.0,9.0,20.0,15.0,6.0,12.0,10.0,12.0
2023-02-13 11:16:00+01:00,11.0,7.0,24.0,18.0,9.0,11.0,14.0,6.0
2023-02-13 12:12:00+01:00,17.0,11.0,28.0,19.0,14.0,12.0,17.0,10.0
2023-02-13 13:26:00+01:00,23.0,15.0,24.0,18.0,11.0,12.0,21.0,14.0
2023-02-13 14:23:00+01:00,17.0,16.0,22.0,15.0,13.0,15.0,19.0,10.0
2023-02-13 15:13:00+01:00,19.0,13.0,22.0,17.0,10.0,12.0,19.0,11.0
2023-02-13 16:15:00+01:00,20.0,19.0,30.0,19.0,20.0,14.0,21.0,16.0
2023-02-13 17:19:00+01:00,33.0,31.0,41.0,24.0,31.0,23.0,32.0,27.0
2023-02-13 18:15:00+01:00,53.0,52.0,62.0,31.0,37.0,37.0,48.0,37.0
2023-02-13 19:18:00+01:00,57.0,100.0,62.0,38.0,42.0,39.0,53.0,36.0
2023-02-13 20:12:00+01:00,50.0,40.0,46.0,34.0,37.0,25.0,45.0,28.0
2023-02-13 21:27:00+01:00,23.0,26.0,34.0,26.0,19.0,14.0,20.0,14.0
2023-02-13 22:13:00+01:00,0.0,16.0,17.0,19.0,12.0,6.0,0.0,1.0
2023-02-14 00:19:00+01:00,0.0,0.0,0.0,0.0,4.0,0.0,0.0,0.0
2023-02-14 02:07:00+01:00,0.0,0.0,0.0,0.0,1.0,0.0,0.0,0.0
2023-02-14 03:47:00+01:00,0.0,0.0,0.0,0.0,1.0,0.0,0.0,0.0
2023-02-14 04:18:00+01:00,0.0,0.0,0.0,0.0,1.0,0.0,0.0,0.0
2023-02-14 05:17:00+01:00,0.0,0.0,0.0,0.0,3.0,0.0,0.0,0.0
2023-02-14 06:14:00+01:00,6.0,2.0,0.0,0.0,6.0,0.0,5.0,0.0
2023-02-14 07:18:00+01:00,17.0,12.0,9.0,7.0,8.0,3.0,15.0,12.0
2023-02-14 08:14:00+01:00,13.0,13.0,19.0,7.0,6.0,3.0,17.0,11.0
2023-02-14 09:18:00+01:00,12.0,14.0,16.0,11.0,5.0,11.0,11.0,3.0
2023-02-14 11:16:00+01:00,11.0,16.0,21.0,13.0,6.0,12.0,11.0,6.0
2023-02-14 12:13:00+01:00,14.0,11.0,24.0,12.0,13.0,11.0,14.0,13.0
2023-02-14 13:28:00+01:00,18.0,13.0,14.0,15.0,14.0,11.0,24.0,12.0
2023-02-14 14:25:00+01:00,16.0,13.0,17.0,17.0,14.0,11.0,20.0,13.0
2023-02-14 15:14:00+01:00,15.0,10.0,24.0,14.0,13.0,13.0,19.0,16.0
2023-02-14 19:18:00+01:00,51.0,40.0,51.0,37.0,38.0,28.0,54.0,57.0
2023-02-14 20:12:00+01:00,42.0,38.0,37.0,38.0,29.0,24.0,48.0,58.0
2023-02-14 21:15:00+01:00,27.0,27.0,25.0,23.0,18.0,16.0,21.0,34.0
2023-02-14 22:21:00+01:00,0.0,9.0,8.0,10.0,10.0,5.0,9.0,11.0
2023-02-15 00:15:00+01:00,0.0,0.0,1.0,0.0,3.0,0.0,0.0,0.0
2023-02-15 02:07:00+01:00,0.0,0.0,0.0,0.0,0.0,0.0,0.0,0.0
2023-02-15 03:48:00+01:00,0.0,0.0,0.0,0.0,0.0,0.0,0.0,0.0
2023-02-15 04:19:00+01:00,0.0,0.0,0.0,0.0,0.0,0.0,0.0,0.0
2023-02-15 05:18:00+01:00,0.0,0.0,0.0,0.0,3.0,0.0,0.0,0.0
2023-02-15 06:14:00+01:00,5.0,2.0,0.0,0.0,8.0,0.0,5.0,0.0
2023-02-15 07:18:00+01:00,16.0,8.0,7.0,7.0,11.0,4.0,12.0,11.0
2023-02-15 08:23:00+01:00,16.0,11.0,16.0,11.0,7.0,9.0,13.0,11.0
2023-02-15 09:25:00+01:00,11.0,13.0,16.0,12.0,6.0,13.0,10.0,4.0
2023-02-15 11:16:00+01:00,12.0,13.0,23.0,13.0,8.0,10.0,11.0,6.0
2023-02-15 12:13:00+01:00,15.0,13.0,21.0,12.0,8.0,8.0,16.0,10.0
2023-02-15 13:27:00+01:00,24.0,15.0,21.0,12.0,14.0,10.0,21.0,15.0
2023-02-15 14:24:00+01:00,23.0,13.0,18.0,11.0,14.0,10.0,18.0,13.0
2023-02-15 15:14:00+01:00,22.0,14.0,20.0,10.0,13.0,11.0,15.0,11.0
2023-02-15 16:15:00+01:00,25.0,16.0,24.0,13.0,18.0,13.0,16.0,9.0
2023-02-15 17:20:00+01:00,30.0,25.0,42.0,22.0,26.0,26.0,24.0,18.0
2023-02-15 18:13:00+01:00,40.0,100.0,61.0,32.0,37.0,36.0,39.0,40.0
2023-02-15 19:17:00+01:00,49.0,53.0,62.0,40.0,40.0,34.0,52.0,43.0
2023-02-15 20:13:00+01:00,42.0,43.0,51.0,35.0,35.0,27.0,41.0,33.0
2023-02-15 21:15:00+01:00,33.0,32.0,36.0,25.0,19.0,18.0,17.0,23.0
2023-02-15 22:13:00+01:00,0.0,15.0,14.0,14.0,10.0,4.0,8.0,4.0
2023-02-16 00:15:00+01:00,0.0,0.0,0.0,0.0,4.0,0.0,1.0,0.0
2023-02-16 02:07:00+01:00,0.0,0.0,0.0,0.0,1.0,0.0,0.0,0.0
2023-02-16 03:46:00+01:00,0.0,0.0,0.0,0.0,0.0,0.0,0.0,0.0
2023-02-16 04:18:00+01:00,0.0,0.0,0.0,0.0,0.0,0.0,0.0,0.0
2023-02-16 05:29:00+01:00,0.0,0.0,0.0,0.0,2.0,0.0,0.0,0.0
2023-02-16 06:14:00+01:00,5.0,2.0,0.0,0.0,6.0,0.0,3.0,0.0
2023-02-16 07:18:00+01:00,15.0,9.0,6.0,3.0,10.0,3.0,9.0,11.0
2023-02-16 08:14:00+01:00,15.0,8.0,13.0,5.0,8.0,7.0,10.0,8.0
2023-02-16 09:21:00+01:00,13.0,9.0,13.0,8.0,7.0,12.0,8.0,4.0
2023-02-16 10:19:00+01:00,15.0,11.0,19.0,11.0,9.0,13.0,5.0,6.0
2023-02-16 11:16:00+01:00,15.0,9.0,20.0,12.0,8.0,10.0,7.0,9.0
2023-02-16 12:12:00+01:00,15.0,9.0,21.0,14.0,9.0,13.0,10.0,11.0
2023-02-16 13:27:00+01:00,19.0,12.0,15.0,13.0,12.0,13.0,14.0,10.0
2023-02-16 14:28:00+01:00,18.0,11.0,18.0,15.0,14.0,11.0,13.0,12.0
2023-02-16 15:14:00+01:00,17.0,11.0,25.0,15.0,13.0,11.0,16.0,12.0
2023-02-16 16:15:00+01:00,23.0,15.0,29.0,15.0,14.0,11.0,17.0,17.0
2023-02-16 17:19:00+01:00,30.0,19.0,37.0,19.0,25.0,22.0,24.0,21.0
2023-02-16 18:13:00+01:00,45.0,38.0,42.0,27.0,28.0,30.0,36.0,34.0
2023-02-16 19:16:00+01:00,47.0,42.0,43.0,30.0,35.0,31.0,39.0,38.0
2023-02-16 20:10:00+01:00,40.0,30.0,44.0,31.0,36.0,27.0,35.0,26.0
2023-02-16 21:15:00+01:00,25.0,16.0,27.0,22.0,21.0,20.0,19.0,12.0
2023-02-16 22:13:00+01:00,10.0,7.0,4.0,12.0,11.0,0.0,7.0,0.0
2023-02-16 23:14:00+01:00,0.0,0.0,0.0,0.0,7.0,0.0,0.0,0.0
2023-02-17 00:15:00+01:00,0.0,0.0,0.0,0.0,2.0,0.0,0.0,0.0
2023-02-17 02:09:00+01:00,0.0,100.0,0.0,0.0,0.0,0.0,0.0,0.0
2023-02-17 03:50:00+01:00,0.0,0.0,0.0,0.0,0.0,0.0,0.0,0.0
2023-02-17 04:20:00+01:00,0.0,0.0,0.0,0.0,0.0,0.0,0.0,0.0
2023-02-17 05:17:00+01:00,0.0,0.0,0.0,0.0,1.0,0.0,0.0,0.0
2023-02-17 06:14:00+01:00,5.0,3.0,0.0,0.0,6.0,0.0,2.0,0.0
2023-02-17 07:19:00+01:00,16.0,14.0,12.0,5.0,9.0,5.0,8.0,8.0
2023-02-17 08:16:00+01:00,17.0,13.0,19.0,7.0,11.0,7.0,9.0,9.0
2023-02-17 09:18:00+01:00,10.0,100.0,16.0,13.0,7.0,14.0,5.0,4.0
2023-02-17 10:15:00+01:00,10.0,11.0,17.0,17.0,9.0,15.0,5.0,6.0
2023-02-17 11:45:00+01:00,11.0,11.0,24.0,15.0,9.0,13.0,12.0,8.0
2023-02-17 12:23:00+01:00,14.0,16.0,26.0,15.0,13.0,11.0,17.0,13.0
2023-02-17 13:32:00+01:00,18.0,16.0,26.0,17.0,13.0,8.0,17.0,13.0
2023-02-17 14:22:00+01:00,21.0,15.0,28.0,17.0,14.0,10.0,16.0,11.0
2023-02-17 15:14:00+01:00,25.0,13.0,26.0,17.0,13.0,17.0,16.0,15.0
2023-02-17 16:14:00+01:00,30.0,17.0,37.0,19.0,20.0,19.0,18.0,20.0
2023-02-17 17:19:00+01:00,38.0,32.0,39.0,20.0,19.0,21.0,31.0,33.0
2023-02-17 18:13:00+01:00,43.0,40.0,39.0,26.0,28.0,23.0,37.0,35.0
2023-02-17 19:18:00+01:00,44.0,38.0,44.0,34.0,30.0,21.0,35.0,24.0
2023-02-17 20:23:00+01:00,38.0,25.0,38.0,30.0,23.0,19.0,23.0,25.0
2023-02-17 21:15:00+01:00,27.0,14.0,24.0,16.0,15.0,13.0,11.0,16.0
2023-02-17 22:13:00+01:00,11.0,7.0,4.0,0.0,11.0,0.0,1.0,8.0
2023-02-17 23:14:00+01:00,0.0,0.0,0.0,0.0,7.0,0.0,1.0,0.0
2023-02-18 00:14:00+01:00,0.0,0.0,0.0,0.0,4.0,0.0,1.0,0.0
2023-02-18 02:06:00+01:00,0.0,0.0,0.0,0.0,1.0,0.0,0.0,0.0
2023-02-18 03:42:00+01:00,0.0,0.0,0.0,0.0,1.0,0.0,0.0,0.0
2023-02-18 04:15:00+01:00,0.0,0.0,0.0,0.0,0.0,0.0,0.0,0.0
2023-02-18 06:13:00+01:00,0.0,0.0,0.0,0.0,2.0,0.0,0.0,0.0
2023-02-18 07:17:00+01:00,0.0,0.0,0.0,0.0,3.0,0.0,0.0,0.0
2023-02-18 08:13:00+01:00,0.0,100.0,0.0,0.0,2.0,0.0,0.0,0.0
2023-02-18 09:19:00+01:00,5.0,10.0,0.0,6.0,9.0,6.0,0.0,0.0
2023-02-18 10:13:00+01:00,15.0,16.0,14.0,13.0,15.0,17.0,2.0,6.0
2023-02-18 11:14:00+01:00,23.0,28.0,30.0,20.0,17.0,21.0,8.0,13.0
2023-02-18 12:15:00+01:00,26.0,30.0,38.0,23.0,17.0,24.0,16.0,16.0
2023-02-18 13:24:00+01:00,24.0,27.0,35.0,23.0,19.0,19.0,18.0,18.0
2023-02-18 15:12:00+01:00,20.0,21.0,31.0,17.0,20.0,15.0,21.0,12.0
2023-02-18 16:13:00+01:00,19.0,17.0,31.0,14.0,16.0,17.0,16.0,11.0
2023-02-18 17:19:00+01:00,18.0,18.0,25.0,20.0,13.0,16.0,21.0,10.0
2023-02-18 18:13:00+01:00,18.0,16.0,26.0,24.0,14.0,17.0,19.0,12.0
2023-02-18 19:16:00+01:00,19.0,19.0,23.0,21.0,18.0,14.0,14.0,9.0
2023-02-18 20:11:00+01:00,16.0,15.0,12.0,16.0,16.0,3.0,7.0,2.0
2023-02-18 21:15:00+01:00,0.0,0.0,0.0,0.0,11.0,0.0,0.0,0.0
2023-02-18 22:12:00+01:00,0.0,0.0,0.0,0.0,12.0,0.0,0.0,0.0
2023-02-18 23:27:00+01:00,0.0,0.0,0.0,0.0,5.0,0.0,0.0,0.0
2023-02-19 00:14:00+01:00,0.0,0.0,0.0,0.0,2.0,0.0,0.0,0.0
2023-02-19 02:07:00+01:00,0.0,0.0,0.0,0.0,1.0,0.0,0.0,0.0
2023-02-19 03:48:00+01:00,0.0,0.0,0.0,0.0,0.0,0.0,0.0,0.0
2023-02-19 04:18:00+01:00,0.0,0.0,0.0,0.0,0.0,0.0,0.0,0.0
2023-02-19 05:16:00+01:00,0.0,0.0,0.0,0.0,0.0,0.0,0.0,0.0
2023-02-19 06:13:00+01:00,0.0,0.0,0.0,0.0,2.0,0.0,0.0,0.0
2023-02-19 07:17:00+01:00,0.0,0.0,0.0,0.0,2.0,0.0,0.0,0.0
2023-02-19 08:12:00+01:00,0.0,0.0,0.0,0.0,2.0,0.0,0.0,0.0
2023-02-19 09:17:00+01:00,6.0,11.0,0.0,5.0,7.0,7.0,0.0,0.0
2023-02-19 10:14:00+01:00,11.0,25.0,17.0,12.0,10.0,21.0,5.0,6.0
2023-02-19 11:14:00+01:00,16.0,29.0,38.0,24.0,6.0,28.0,12.0,15.0
2023-02-19 12:11:00+01:00,25.0,29.0,37.0,32.0,14.0,32.0,22.0,25.0
2023-02-19 13:24:00+01:00,31.0,20.0,41.0,28.0,24.0,27.0,29.0,18.0
2023-02-19 14:19:00+01:00,28.0,21.0,39.0,25.0,23.0,19.0,31.0,18.0
2023-02-19 15:12:00+01:00,26.0,22.0,28.0,22.0,20.0,15.0,26.0,15.0
2023-02-19 16:14:00+01:00,27.0,25.0,25.0,23.0,18.0,13.0,25.0,15.0
2023-02-19 17:17:00+01:00,29.0,27.0,28.0,21.0,19.0,17.0,17.0,11.0
2023-02-19 18:12:00+01:00,30.0,27.0,32.0,16.0,17.0,17.0,17.0,13.0
2023-02-19 19:25:00+01:00,24.0,22.0,25.0,17.0,16.0,15.0,13.0,12.0
2023-02-19 20:12:00+01:00,20.0,19.0,16.0,12.0,12.0,0.0,6.0,6.0
2023-02-19 21:15:00+01:00,0.0,0.0,2.0,1.0,10.0,0.0,3.0,3.0
2023-02-19 22:13:00+01:00,0.0,0.0,0.0,1.0,9.0,0.0,0.0,0.0
2023-02-19 23:13:00+01:00,0.0,0.0,0.0,1.0,5.0,0.0,0.0,0.0
2023-02-20 00:14:00+01:00,0.0,0.0,0.0,0.0,2.0,0.0,0.0,0.0
2023-02-20 02:10:00+01:00,0.0,0.0,0.0,0.0,0.0,0.0,0.0,0.0
2023-02-20 03:54:00+01:00,0.0,0.0,0.0,0.0,0.0,0.0,0.0,0.0
2023-02-20 04:20:00+01:00,0.0,100.0,0.0,0.0,0.0,0.0,0.0,0.0
2023-02-20 05:17:00+01:00,0.0,0.0,0.0,0.0,2.0,0.0,0.0,0.0
2023-02-20 06:14:00+01:00,4.0,3.0,0.0,0.0,5.0,0.0,3.0,0.0
2023-02-20 07:19:00+01:00,18.0,11.0,10.0,2.0,11.0,1.0,12.0,7.0
2023-02-20 08:15:00+01:00,19.0,14.0,18.0,6.0,10.0,6.0,14.0,9.0
2023-02-20 09:19:00+01:00,15.0,11.0,17.0,11.0,6.0,8.0,9.0,8.0
2023-02-20 10:15:00+01:00,1.0,10.0,19.0,16.0,7.0,12.0,7.0,6.0
2023-02-20 11:17:00+01:00,8.0,7.0,19.0,18.0,7.0,12.0,12.0,8.0
2023-02-20 12:13:00+01:00,15.0,11.0,21.0,17.0,10.0,12.0,11.0,14.0
2023-02-20 13:26:00+01:00,25.0,11.0,21.0,13.0,13.0,11.0,14.0,21.0
2023-02-20 14:23:00+01:00,21.0,13.0,24.0,12.0,14.0,12.0,15.0,12.0
2023-02-20 15:13:00+01:00,27.0,100.0,25.0,13.0,13.0,13.0,17.0,12.0
2023-02-20 16:15:00+01:00,24.0,16.0,31.0,14.0,20.0,17.0,17.0,14.0
2023-02-20 17:19:00+01:00,37.0,29.0,45.0,19.0,33.0,24.0,25.0,19.0
2023-02-20 18:13:00+01:00,48.0,43.0,55.0,28.0,41.0,32.0,33.0,34.0
2023-02-20 19:17:00+01:00,55.0,47.0,59.0,38.0,40.0,37.0,42.0,30.0
2023-02-20 20:12:00+01:00,57.0,36.0,48.0,33.0,30.0,28.0,37.0,30.0
2023-02-20 21:15:00+01:00,36.0,23.0,32.0,26.0,19.0,17.0,20.0,21.0
2023-02-20 22:13:00+01:00,0.0,9.0,17.0,15.0,13.0,0.0,0.0,3.0
2023-02-20 23:27:00+01:00,0.0,0.0,0.0,5.0,8.0,0.0,0.0,0.0
2023-02-21 00:14:00+01:00,0.0,0.0,0.0,1.0,5.0,0.0,0.0,0.0
2023-02-21 02:08:00+01:00,0.0,0.0,0.0,0.0,3.0,0.0,0.0,0.0
2023-02-21 03:49:00+01:00,0.0,0.0,0.0,0.0,0.0,0.0,0.0,0.0
2023-02-21 04:20:00+01:00,0.0,0.0,0.0,0.0,0.0,0.0,0.0,0.0
2023-02-21 05:17:00+01:00,0.0,0.0,0.0,0.0,0.0,0.0,0.0,0.0
2023-02-21 06:14:00+01:00,3.0,1.0,0.0,0.0,0.0,0.0,5.0,0.0
2023-02-21 07:18:00+01:00,17.0,8.0,8.0,5.0,2.0,5.0,15.0,13.0
2023-02-21 08:14:00+01:00,20.0,9.0,14.0,7.0,6.0,7.0,19.0,10.0
2023-02-21 09:19:00+01:00,17.0,11.0,15.0,9.0,6.0,12.0,19.0,10.0
2023-02-21 10:15:00+01:00,15.0,10.0,21.0,10.0,6.0,15.0,16.0,15.0
2023-02-21 11:30:00+01:00,13.0,12.0,25.0,12.0,8.0,11.0,7.0,15.0
2023-02-21 12:13:00+01:00,16.0,12.0,25.0,11.0,10.0,8.0,10.0,20.0
2023-02-21 13:26:00+01:00,17.0,12.0,17.0,14.0,13.0,7.0,15.0,15.0
2023-02-21 14:23:00+01:00,17.0,13.0,16.0,15.0,11.0,11.0,16.0,11.0
2023-02-21 15:13:00+01:00,16.0,14.0,19.0,15.0,11.0,11.0,16.0,10.0
2023-02-21 16:15:00+01:00,19.0,19.0,26.0,16.0,15.0,13.0,18.0,9.0
2023-02-21 18:13:00+01:00,41.0,33.0,49.0,35.0,32.0,28.0,42.0,45.0
2023-02-21 19:17:00+01:00,51.0,47.0,51.0,42.0,35.0,32.0,54.0,66.0
2023-02-21 21:36:00+01:00,20.0,22.0,24.0,19.0,22.0,10.0,21.0,17.0
2023-02-21 22:14:00+01:00,0.0,9.0,12.0,11.0,14.0,0.0,0.0,0.0
2023-02-22 00:15:00+01:00,0.0,0.0,0.0,0.0,4.0,0.0,0.0,0.0
2023-02-22 02:22:00+01:00,0.0,0.0,0.0,0.0,0.0,0.0,0.0,0.0
2023-02-22 03:50:00+01:00,0.0,0.0,0.0,0.0,0.0,0.0,0.0,0.0
2023-02-22 04:18:00+01:00,0.0,0.0,0.0,0.0,0.0,0.0,0.0,0.0
2023-02-22 05:48:00+01:00,0.0,0.0,0.0,0.0,4.0,0.0,0.0,0.0
2023-02-22 06:14:00+01:00,6.0,2.0,0.0,0.0,7.0,0.0,4.0,0.0
2023-02-22 07:19:00+01:00,16.0,8.0,9.0,5.0,9.0,4.0,11.0,9.0
2023-02-22 08:14:00+01:00,19.0,14.0,17.0,8.0,8.0,7.0,14.0,14.0
2023-02-22 09:18:00+01:00,14.0,10.0,15.0,13.0,5.0,13.0,10.0,6.0
2023-02-22 10:15:00+01:00,11.0,11.0,17.0,10.0,8.0,14.0,10.0,6.0
2023-02-22 11:16:00+01:00,11.0,10.0,24.0,12.0,9.0,11.0,12.0,8.0
2023-02-22 12:13:00+01:00,16.0,13.0,23.0,13.0,13.0,7.0,16.0,15.0
2023-02-22 13:28:00+01:00,20.0,13.0,15.0,14.0,15.0,9.0,17.0,22.0
2023-02-22 14:24:00+01:00,22.0,11.0,17.0,13.0,14.0,8.0,20.0,15.0
2023-02-22 15:13:00+01:00,21.0,11.0,20.0,15.0,15.0,9.0,19.0,12.0
2023-02-22 16:51:00+01:00,28.0,21.0,37.0,17.0,21.0,18.0,26.0,17.0
2023-02-22 17:25:00+01:00,34.0,23.0,45.0,21.0,28.0,29.0,30.0,25.0
2023-02-22 18:14:00+01:00,44.0,30.0,62.0,27.0,36.0,37.0,39.0,37.0
2023-02-22 19:18:00+01:00,46.0,39.0,55.0,38.0,40.0,30.0,44.0,34.0
2023-02-22 20:12:00+01:00,38.0,40.0,47.0,38.0,28.0,30.0,41.0,23.0
2023-02-22 21:15:00+01:00,25.0,30.0,32.0,29.0,16.0,20.0,18.0,19.0
2023-02-22 22:18:00+01:00,1.0,13.0,11.0,100.0,11.0,0.0,0.0,3.0
2023-02-23 00:13:00+01:00,1.0,0.0,0.0,1.0,5.0,0.0,0.0,0.0
2023-02-23 02:26:00+01:00,0.0,0.0,0.0,0.0,0.0,0.0,0.0,0.0
2023-02-23 03:44:00+01:00,0.0,0.0,0.0,0.0,0.0,0.0,0.0,0.0
2023-02-23 04:16:00+01:00,0.0,0.0,0.0,0.0,0.0,0.0,0.0,0.0
2023-02-23 05:17:00+01:00,0.0,0.0,0.0,0.0,1.0,0.0,0.0,0.0
2023-02-23 06:16:00+01:00,3.0,2.0,0.0,0.0,8.0,0.0,4.0,0.0
2023-02-23 07:18:00+01:00,16.0,7.0,6.0,4.0,11.0,4.0,11.0,12.0
2023-02-23 08:14:00+01:00,17.0,9.0,13.0,7.0,8.0,8.0,12.0,9.0
2023-02-23 09:18:00+01:00,14.0,13.0,14.0,15.0,7.0,9.0,10.0,6.0
2023-02-23 10:14:00+01:00,14.0,13.0,19.0,13.0,8.0,10.0,8.0,9.0
2023-02-23 11:16:00+01:00,15.0,12.0,21.0,14.0,11.0,11.0,8.0,7.0
2023-02-23 12:13:00+01:00,16.0,9.0,23.0,12.0,11.0,9.0,10.0,6.0
2023-02-23 13:28:00+01:00,23.0,10.0,23.0,14.0,10.0,9.0,18.0,14.0
2023-02-23 14:30:00+01:00,18.0,9.0,22.0,14.0,12.0,11.0,17.0,13.0
2023-02-23 15:14:00+01:00,17.0,11.0,19.0,20.0,13.0,12.0,19.0,8.0
2023-02-23 16:15:00+01:00,20.0,15.0,22.0,19.0,16.0,13.0,25.0,11.0
2023-02-23 17:19:00+01:00,25.0,20.0,32.0,22.0,20.0,19.0,29.0,14.0
2023-02-23 18:14:00+01:00,45.0,35.0,47.0,23.0,29.0,34.0,31.0,30.0
2023-02-23 19:18:00+01:00,49.0,100.0,51.0,28.0,30.0,32.0,41.0,33.0
2023-02-23 20:12:00+01:00,40.0,32.0,39.0,31.0,24.0,24.0,34.0,25.0
2023-02-23 21:15:00+01:00,23.0,20.0,20.0,24.0,18.0,17.0,23.0,12.0
2023-02-23 22:13:00+01:00,0.0,7.0,1.0,17.0,13.0,0.0,0.0,1.0
2023-02-23 23:14:00+01:00,0.0,0.0,0.0,5.0,7.0,0.0,0.0,0.0
2023-02-24 00:21:00+01:00,0.0,0.0,0.0,1.0,2.0,0.0,0.0,0.0
2023-02-24 02:07:00+01:00,0.0,0.0,0.0,0.0,0.0,0.0,0.0,0.0
2023-02-24 03:54:00+01:00,0.0,0.0,0.0,0.0,0.0,0.0,0.0,0.0
2023-02-24 04:18:00+01:00,0.0,0.0,0.0,0.0,0.0,0.0,0.0,0.0
2023-02-24 05:17:00+01:00,0.0,0.0,0.0,0.0,2.0,0.0,0.0,0.0
2023-02-24 06:14:00+01:00,4.0,2.0,0.0,0.0,5.0,0.0,4.0,0.0
2023-02-24 07:23:00+01:00,14.0,10.0,11.0,5.0,9.0,3.0,12.0,7.0
2023-02-24 08:14:00+01:00,12.0,12.0,20.0,12.0,9.0,7.0,10.0,8.0
2023-02-24 09:18:00+01:00,9.0,10.0,14.0,16.0,9.0,15.0,13.0,6.0
2023-02-24 10:14:00+01:00,12.0,11.0,16.0,17.0,10.0,20.0,11.0,6.0
2023-02-24 11:16:00+01:00,12.0,9.0,23.0,17.0,10.0,21.0,13.0,9.0
2023-02-24 12:16:00+01:00,15.0,11.0,29.0,18.0,13.0,14.0,18.0,13.0
2023-02-24 13:26:00+01:00,20.0,16.0,27.0,18.0,15.0,11.0,24.0,15.0
2023-02-24 14:23:00+01:00,23.0,15.0,28.0,17.0,15.0,12.0,26.0,11.0
2023-02-24 15:18:00+01:00,27.0,15.0,26.0,17.0,16.0,13.0,26.0,15.0
2023-02-24 16:24:00+01:00,33.0,17.0,30.0,17.0,19.0,18.0,25.0,17.0
2023-02-24 17:19:00+01:00,41.0,24.0,37.0,20.0,21.0,22.0,26.0,25.0
2023-02-24 18:14:00+01:00,43.0,36.0,35.0,29.0,26.0,24.0,27.0,31.0
2023-02-24 19:25:00+01:00,42.0,33.0,35.0,38.0,24.0,25.0,31.0,24.0
2023-02-24 20:13:00+01:00,36.0,22.0,28.0,35.0,20.0,22.0,28.0,22.0
2023-02-24 21:15:00+01:00,23.0,14.0,18.0,22.0,13.0,13.0,16.0,13.0
2023-02-24 22:12:00+01:00,0.0,7.0,1.0,9.0,6.0,0.0,0.0,0.0
2023-02-24 23:14:00+01:00,0.0,0.0,1.0,4.0,5.0,0.0,0.0,0.0
2023-02-25 00:16:00+01:00,0.0,0.0,0.0,0.0,3.0,0.0,0.0,0.0
2023-02-25 02:09:00+01:00,0.0,0.0,0.0,0.0,1.0,0.0,0.0,0.0
2023-02-25 03:47:00+01:00,0.0,0.0,0.0,0.0,1.0,0.0,0.0,0.0
2023-02-25 04:19:00+01:00,0.0,0.0,0.0,0.0,0.0,0.0,0.0,0.0
2023-02-25 05:43:00+01:00,0.0,0.0,0.0,0.0,0.0,0.0,0.0,0.0
2023-02-25 06:13:00+01:00,0.0,0.0,0.0,0.0,0.0,0.0,0.0,0.0
2023-02-25 07:17:00+01:00,0.0,0.0,0.0,0.0,2.0,0.0,0.0,0.0
2023-02-25 08:13:00+01:00,0.0,0.0,0.0,0.0,5.0,0.0,0.0,0.0
2023-02-25 09:18:00+01:00,6.0,7.0,0.0,5.0,8.0,5.0,0.0,0.0
2023-02-25 10:13:00+01:00,15.0,16.0,13.0,13.0,15.0,14.0,6.0,5.0
2023-02-25 11:16:00+01:00,21.0,28.0,35.0,22.0,16.0,21.0,16.0,11.0
2023-02-25 12:11:00+01:00,26.0,27.0,40.0,25.0,15.0,25.0,17.0,11.0
2023-02-25 13:24:00+01:00,21.0,21.0,42.0,23.0,16.0,19.0,17.0,17.0
2023-02-25 14:18:00+01:00,23.0,19.0,38.0,16.0,18.0,15.0,12.0,16.0
2023-02-25 15:12:00+01:00,18.0,18.0,30.0,17.0,17.0,14.0,16.0,14.0
2023-02-25 16:13:00+01:00,18.0,17.0,23.0,17.0,15.0,13.0,16.0,12.0
2023-02-25 17:17:00+01:00,20.0,14.0,21.0,17.0,13.0,13.0,19.0,10.0
2023-02-25 18:13:00+01:00,18.0,12.0,21.0,17.0,11.0,12.0,18.0,11.0
2023-02-25 19:17:00+01:00,20.0,16.0,24.0,19.0,11.0,9.0,12.0,8.0
2023-02-25 20:13:00+01:00,17.0,12.0,17.0,18.0,11.0,4.0,5.0,0.0
2023-02-25 21:14:00+01:00,0.0,0.0,2.0,0.0,10.0,0.0,0.0,0.0
2023-02-25 22:12:00+01:00,0.0,0.0,0.0,0.0,7.0,0.0,0.0,0.0
2023-02-25 23:16:00+01:00,0.0,0.0,0.0,0.0,3.0,0.0,0.0,0.0
2023-02-26 00:16:00+01:00,0.0,100.0,0.0,0.0,3.0,0.0,0.0,0.0
2023-02-26 02:13:00+01:00,0.0,0.0,0.0,0.0,1.0,0.0,0.0,0.0
2023-02-26 04:01:00+01:00,0.0,0.0,0.0,0.0,0.0,0.0,0.0,0.0
2023-02-26 04:25:00+01:00,0.0,0.0,0.0,0.0,0.0,0.0,0.0,0.0
2023-02-26 05:17:00+01:00,100.0,0.0,100.0,0.0,0.0,0.0,0.0,0.0
2023-02-26 06:14:00+01:00,0.0,0.0,0.0,0.0,1.0,0.0,0.0,0.0
2023-02-26 07:20:00+01:00,0.0,0.0,0.0,0.0,1.0,0.0,0.0,0.0
2023-02-26 08:13:00+01:00,0.0,0.0,0.0,0.0,3.0,0.0,0.0,0.0
2023-02-26 09:34:00+01:00,11.0,14.0,0.0,8.0,6.0,14.0,0.0,0.0
2023-02-26 10:15:00+01:00,17.0,27.0,15.0,14.0,8.0,24.0,5.0,7.0
2023-02-26 11:14:00+01:00,26.0,27.0,37.0,19.0,13.0,28.0,16.0,14.0
2023-02-26 12:12:00+01:00,29.0,27.0,46.0,23.0,19.0,28.0,25.0,15.0
2023-02-26 13:41:00+01:00,24.0,22.0,39.0,19.0,20.0,25.0,27.0,16.0
2023-02-26 14:20:00+01:00,23.0,18.0,31.0,20.0,16.0,22.0,25.0,16.0
2023-02-26 15:12:00+01:00,20.0,19.0,27.0,20.0,13.0,21.0,24.0,14.0
2023-02-26 16:13:00+01:00,24.0,25.0,35.0,21.0,15.0,20.0,21.0,17.0
2023-02-26 17:20:00+01:00,29.0,26.0,35.0,19.0,15.0,20.0,20.0,16.0
2023-02-26 18:12:00+01:00,31.0,22.0,32.0,21.0,15.0,20.0,18.0,14.0
2023-02-26 19:16:00+01:00,29.0,20.0,30.0,20.0,8.0,14.0,14.0,15.0
2023-02-26 20:11:00+01:00,20.0,14.0,22.0,19.0,9.0,0.0,7.0,4.0
2023-02-26 21:22:00+01:00,0.0,0.0,0.0,7.0,11.0,0.0,3.0,1.0
2023-02-26 22:12:00+01:00,0.0,0.0,0.0,3.0,7.0,0.0,0.0,0.0
2023-02-26 23:13:00+01:00,0.0,0.0,0.0,0.0,3.0,0.0,0.0,0.0
2023-02-27 00:14:00+01:00,0.0,0.0,0.0,0.0,3.0,0.0,0.0,0.0
2023-02-27 02:06:00+01:00,0.0,0.0,0.0,0.0,1.0,0.0,0.0,0.0
2023-02-27 03:49:00+01:00,0.0,0.0,0.0,0.0,0.0,0.0,0.0,0.0
2023-02-27 04:20:00+01:00,0.0,0.0,0.0,0.0,0.0,0.0,0.0,0.0
2023-02-27 05:18:00+01:00,0.0,0.0,0.0,0.0,2.0,0.0,0.0,0.0
2023-02-27 06:15:00+01:00,6.0,4.0,0.0,0.0,7.0,0.0,4.0,0.0
2023-02-27 07:21:00+01:00,16.0,9.0,8.0,6.0,10.0,4.0,13.0,11.0
2023-02-27 08:14:00+01:00,16.0,11.0,14.0,7.0,10.0,5.0,16.0,11.0
2023-02-27 10:16:00+01:00,13.0,10.0,19.0,15.0,10.0,14.0,11.0,7.0
2023-02-27 11:16:00+01:00,10.0,12.0,19.0,19.0,12.0,12.0,11.0,6.0
2023-02-27 12:13:00+01:00,15.0,12.0,22.0,15.0,16.0,10.0,14.0,17.0
2023-02-27 13:28:00+01:00,17.0,16.0,23.0,12.0,12.0,12.0,16.0,17.0
2023-02-27 14:25:00+01:00,18.0,13.0,23.0,12.0,13.0,14.0,16.0,12.0
2023-02-27 15:14:00+01:00,24.0,11.0,22.0,13.0,12.0,11.0,16.0,8.0
2023-02-27 16:15:00+01:00,26.0,13.0,25.0,13.0,16.0,14.0,16.0,13.0
2023-02-27 17:20:00+01:00,35.0,29.0,38.0,21.0,32.0,24.0,23.0,24.0
2023-02-27 18:14:00+01:00,46.0,49.0,51.0,35.0,39.0,34.0,31.0,41.0
2023-02-27 19:18:00+01:00,53.0,53.0,60.0,43.0,43.0,39.0,42.0,46.0
2023-02-27 20:12:00+01:00,52.0,40.0,48.0,39.0,30.0,23.0,36.0,37.0
2023-02-27 21:16:00+01:00,33.0,23.0,27.0,26.0,19.0,15.0,21.0,19.0
2023-02-27 22:13:00+01:00,12.0,100.0,14.0,12.0,11.0,0.0,0.0,0.0
2023-02-27 23:14:00+01:00,0.0,0.0,0.0,5.0,7.0,0.0,0.0,0.0
2023-02-28 00:17:00+01:00,0.0,0.0,0.0,0.0,5.0,0.0,0.0,0.0
2023-02-28 02:06:00+01:00,0.0,0.0,0.0,0.0,0.0,0.0,0.0,0.0
2023-02-28 03:51:00+01:00,0.0,0.0,0.0,0.0,0.0,0.0,0.0,0.0
2023-02-28 04:19:00+01:00,0.0,0.0,0.0,0.0,0.0,0.0,0.0,0.0
2023-02-28 05:17:00+01:00,0.0,0.0,0.0,0.0,1.0,0.0,0.0,0.0
2023-02-28 06:14:00+01:00,6.0,2.0,0.0,0.0,6.0,0.0,3.0,0.0
2023-02-28 07:18:00+01:00,18.0,9.0,8.0,5.0,10.0,3.0,13.0,11.0
2023-02-28 08:15:00+01:00,18.0,11.0,13.0,7.0,10.0,5.0,16.0,9.0
2023-02-28 09:19:00+01:00,14.0,13.0,12.0,10.0,9.0,10.0,13.0,5.0
2023-02-28 10:15:00+01:00,16.0,12.0,24.0,12.0,9.0,15.0,10.0,4.0
2023-02-28 11:31:00+01:00,17.0,11.0,24.0,17.0,9.0,11.0,15.0,10.0
2023-02-28 12:15:00+01:00,18.0,11.0,21.0,12.0,10.0,11.0,17.0,14.0
2023-02-28 13:38:00+01:00,20.0,11.0,16.0,12.0,12.0,9.0,25.0,13.0
2023-02-28 14:24:00+01:00,18.0,13.0,20.0,12.0,12.0,11.0,26.0,16.0
2023-02-28 15:27:00+01:00,17.0,10.0,26.0,11.0,14.0,13.0,23.0,14.0
2023-02-28 16:15:00+01:00,20.0,13.0,21.0,16.0,15.0,12.0,19.0,12.0
2023-02-28 17:19:00+01:00,26.0,17.0,35.0,25.0,21.0,25.0,26.0,24.0
2023-02-28 18:16:00+01:00,42.0,34.0,46.0,32.0,33.0,31.0,42.0,38.0
2023-02-28 19:18:00+01:00,50.0,46.0,50.0,42.0,37.0,33.0,50.0,42.0
2023-02-28 20:12:00+01:00,45.0,40.0,43.0,42.0,28.0,24.0,38.0,34.0
2023-02-28 21:15:00+01:00,32.0,24.0,36.0,29.0,17.0,13.0,19.0,20.0
2023-02-28 22:14:00+01:00,11.0,100.0,20.0,13.0,12.0,0.0,0.0,0.0
2023-02-28 23:14:00+01:00,0.0,0.0,1.0,4.0,8.0,0.0,0.0,0.0
2023-03-01 00:15:00+01:00,0.0,0.0,0.0,0.0,6.0,0.0,0.0,0.0
2023-03-01 02:15:00+01:00,0.0,0.0,0.0,0.0,0.0,0.0,0.0,0.0
2023-03-01 04:18:00+01:00,0.0,0.0,0.0,0.0,0.0,0.0,0.0,0.0
2023-03-01 04:29:00+01:00,0.0,0.0,0.0,0.0,0.0,0.0,0.0,0.0
2023-03-01 05:17:00+01:00,0.0,0.0,0.0,0.0,2.0,0.0,0.0,0.0
2023-03-01 06:28:00+01:00,5.0,3.0,0.0,0.0,8.0,0.0,3.0,0.0
2023-03-01 07:19:00+01:00,17.0,8.0,7.0,6.0,12.0,4.0,11.0,9.0
2023-03-01 08:18:00+01:00,19.0,9.0,12.0,9.0,8.0,6.0,14.0,9.0
2023-03-01 09:19:00+01:00,14.0,11.0,14.0,11.0,7.0,10.0,12.0,4.0
2023-03-01 10:15:00+01:00,12.0,12.0,17.0,12.0,10.0,12.0,10.0,7.0
2023-03-01 11:16:00+01:00,11.0,12.0,21.0,13.0,11.0,11.0,12.0,8.0
2023-03-01 12:13:00+01:00,14.0,12.0,21.0,13.0,9.0,9.0,11.0,11.0
2023-03-01 13:28:00+01:00,20.0,12.0,14.0,10.0,11.0,8.0,15.0,15.0
2023-03-01 14:25:00+01:00,20.0,100.0,17.0,12.0,11.0,8.0,14.0,12.0
2023-03-01 15:20:00+01:00,29.0,11.0,17.0,14.0,11.0,9.0,15.0,10.0
2023-03-01 16:16:00+01:00,26.0,11.0,25.0,19.0,15.0,12.0,17.0,12.0
2023-03-01 17:20:00+01:00,34.0,22.0,41.0,19.0,27.0,21.0,26.0,18.0
2023-03-01 18:14:00+01:00,39.0,35.0,52.0,29.0,33.0,31.0,38.0,38.0
2023-03-01 19:18:00+01:00,44.0,44.0,51.0,33.0,36.0,28.0,40.0,40.0
2023-03-01 20:12:00+01:00,46.0,35.0,39.0,32.0,29.0,25.0,33.0,25.0
2023-03-01 21:15:00+01:00,33.0,28.0,32.0,26.0,21.0,16.0,13.0,13.0
2023-03-01 22:13:00+01:00,0.0,13.0,13.0,14.0,17.0,0.0,0.0,0.0
2023-03-01 23:25:00+01:00,0.0,0.0,3.0,0.0,6.0,0.0,0.0,0.0
2023-03-02 00:20:00+01:00,0.0,0.0,0.0,0.0,3.0,0.0,0.0,0.0
2023-03-02 02:12:00+01:00,0.0,0.0,0.0,0.0,1.0,0.0,0.0,0.0
2023-03-02 03:52:00+01:00,0.0,0.0,0.0,0.0,0.0,0.0,0.0,0.0
2023-03-02 04:24:00+01:00,0.0,0.0,0.0,0.0,0.0,0.0,0.0,0.0
2023-03-02 05:18:00+01:00,0.0,0.0,0.0,0.0,1.0,0.0,0.0,0.0
2023-03-02 06:16:00+01:00,5.0,2.0,0.0,0.0,5.0,0.0,5.0,0.0
2023-03-02 07:18:00+01:00,10.0,6.0,9.0,4.0,7.0,3.0,10.0,13.0
2023-03-02 08:14:00+01:00,14.0,6.0,15.0,9.0,7.0,5.0,14.0,11.0
2023-03-02 09:19:00+01:00,12.0,10.0,12.0,11.0,7.0,11.0,13.0,8.0
2023-03-02 10:15:00+01:00,10.0,11.0,17.0,14.0,8.0,12.0,10.0,8.0
2023-03-02 11:21:00+01:00,12.0,10.0,20.0,14.0,6.0,12.0,10.0,7.0
2023-03-02 12:36:00+01:00,21.0,9.0,20.0,15.0,14.0,12.0,14.0,13.0
2023-03-02 13:29:00+01:00,21.0,8.0,20.0,11.0,12.0,7.0,19.0,11.0
2023-03-02 14:48:00+01:00,18.0,9.0,21.0,11.0,11.0,9.0,17.0,11.0
2023-03-02 15:14:00+01:00,17.0,8.0,25.0,10.0,10.0,10.0,16.0,10.0
2023-03-02 16:15:00+01:00,16.0,14.0,24.0,12.0,13.0,13.0,19.0,13.0
2023-03-02 17:21:00+01:00,29.0,27.0,28.0,19.0,23.0,18.0,29.0,18.0
2023-03-02 18:17:00+01:00,38.0,100.0,41.0,25.0,35.0,29.0,37.0,31.0
2023-03-02 19:20:00+01:00,42.0,44.0,52.0,30.0,34.0,28.0,40.0,34.0
2023-03-02 21:16:00+01:00,23.0,14.0,22.0,21.0,16.0,14.0,22.0,18.0
2023-03-02 22:13:00+01:00,11.0,6.0,1.0,9.0,6.0,0.0,0.0,4.0
2023-03-02 23:16:00+01:00,0.0,0.0,0.0,0.0,4.0,0.0,0.0,0.0
2023-03-03 00:15:00+01:00,0.0,0.0,0.0,0.0,3.0,0.0,0.0,0.0
2023-03-03 03:59:00+01:00,0.0,0.0,0.0,0.0,0.0,0.0,0.0,0.0
2023-03-03 05:31:00+01:00,0.0,0.0,0.0,0.0,4.0,0.0,0.0,0.0
2023-03-03 06:18:00+01:00,3.0,4.0,0.0,0.0,9.0,0.0,3.0,0.0
2023-03-03 07:28:00+01:00,12.0,10.0,12.0,4.0,8.0,3.0,7.0,7.0
2023-03-03 08:14:00+01:00,15.0,11.0,14.0,9.0,7.0,5.0,10.0,6.0
2023-03-03 09:18:00+01:00,11.0,9.0,15.0,13.0,5.0,9.0,10.0,6.0
2023-03-03 10:20:00+01:00,11.0,16.0,20.0,17.0,10.0,20.0,12.0,8.0
2023-03-03 11:16:00+01:00,12.0,12.0,23.0,18.0,11.0,20.0,15.0,7.0
2023-03-03 12:12:00+01:00,17.0,17.0,21.0,15.0,13.0,13.0,14.0,13.0
2023-03-03 13:26:00+01:00,21.0,10.0,24.0,15.0,15.0,11.0,16.0,18.0
2023-03-03 14:22:00+01:00,21.0,8.0,24.0,13.0,13.0,11.0,19.0,11.0
2023-03-03 15:13:00+01:00,23.0,100.0,31.0,15.0,13.0,14.0,19.0,13.0
2023-03-03 16:15:00+01:00,23.0,18.0,35.0,19.0,14.0,17.0,19.0,19.0
2023-03-03 17:24:00+01:00,33.0,26.0,43.0,23.0,19.0,24.0,30.0,26.0
2023-03-03 18:14:00+01:00,39.0,39.0,40.0,23.0,24.0,23.0,35.0,30.0
2023-03-03 19:18:00+01:00,34.0,36.0,33.0,27.0,28.0,21.0,31.0,28.0
2023-03-03 20:12:00+01:00,31.0,18.0,32.0,25.0,23.0,21.0,25.0,23.0
2023-03-03 21:15:00+01:00,22.0,12.0,19.0,18.0,14.0,12.0,19.0,11.0
2023-03-03 22:12:00+01:00,1.0,6.0,2.0,6.0,12.0,0.0,7.0,0.0
2023-03-03 23:14:00+01:00,1.0,0.0,1.0,0.0,8.0,0.0,2.0,0.0
2023-03-04 00:15:00+01:00,1.0,0.0,0.0,0.0,2.0,0.0,0.0,0.0
2023-03-04 02:04:00+01:00,0.0,0.0,0.0,0.0,1.0,0.0,0.0,0.0
2023-03-04 04:15:00+01:00,0.0,0.0,0.0,0.0,0.0,0.0,0.0,0.0
2023-03-04 05:17:00+01:00,0.0,0.0,0.0,0.0,0.0,0.0,0.0,0.0
2023-03-04 06:13:00+01:00,0.0,0.0,0.0,0.0,1.0,0.0,0.0,0.0
2023-03-04 07:17:00+01:00,0.0,0.0,0.0,0.0,4.0,0.0,0.0,0.0
2023-03-04 08:13:00+01:00,0.0,0.0,0.0,0.0,5.0,0.0,0.0,0.0
2023-03-04 09:17:00+01:00,7.0,10.0,0.0,7.0,5.0,5.0,0.0,0.0
2023-03-04 10:13:00+01:00,19.0,21.0,10.0,14.0,13.0,13.0,5.0,6.0
2023-03-04 11:14:00+01:00,29.0,25.0,28.0,19.0,17.0,22.0,11.0,16.0
2023-03-04 12:11:00+01:00,31.0,26.0,29.0,23.0,18.0,20.0,11.0,18.0
2023-03-04 13:24:00+01:00,21.0,20.0,33.0,22.0,15.0,14.0,14.0,17.0
2023-03-04 14:19:00+01:00,21.0,17.0,35.0,16.0,17.0,13.0,19.0,15.0
2023-03-04 15:12:00+01:00,19.0,13.0,30.0,16.0,17.0,15.0,17.0,14.0
2023-03-04 17:17:00+01:00,17.0,16.0,24.0,20.0,16.0,7.0,16.0,13.0
2023-03-04 18:12:00+01:00,20.0,17.0,21.0,21.0,13.0,7.0,19.0,11.0
2023-03-04 19:17:00+01:00,19.0,12.0,25.0,19.0,8.0,9.0,21.0,9.0
2023-03-04 20:12:00+01:00,16.0,11.0,21.0,13.0,8.0,0.0,0.0,2.0
2023-03-04 21:14:00+01:00,7.0,1.0,3.0,0.0,9.0,0.0,0.0,0.0
2023-03-04 22:12:00+01:00,0.0,0.0,0.0,0.0,8.0,0.0,0.0,0.0
2023-03-04 23:13:00+01:00,0.0,0.0,0.0,0.0,3.0,0.0,0.0,0.0
2023-03-05 00:13:00+01:00,0.0,0.0,0.0,0.0,4.0,0.0,0.0,0.0
2023-03-05 02:16:00+01:00,0.0,0.0,0.0,0.0,1.0,0.0,0.0,0.0
2023-03-05 03:59:00+01:00,0.0,0.0,0.0,0.0,0.0,0.0,0.0,0.0
2023-03-05 04:29:00+01:00,0.0,0.0,0.0,0.0,0.0,0.0,0.0,0.0
2023-03-05 05:17:00+01:00,0.0,0.0,0.0,0.0,0.0,0.0,0.0,0.0
2023-03-05 06:13:00+01:00,0.0,0.0,0.0,0.0,1.0,0.0,0.0,0.0
2023-03-05 07:17:00+01:00,0.0,0.0,0.0,0.0,2.0,0.0,0.0,0.0
2023-03-05 08:13:00+01:00,0.0,0.0,0.0,0.0,2.0,0.0,0.0,0.0
2023-03-05 09:17:00+01:00,7.0,6.0,0.0,4.0,5.0,7.0,0.0,0.0
2023-03-05 10:13:00+01:00,14.0,18.0,13.0,10.0,9.0,22.0,5.0,6.0
2023-03-05 11:14:00+01:00,20.0,20.0,34.0,22.0,10.0,29.0,17.0,18.0
2023-03-05 12:12:00+01:00,26.0,26.0,41.0,27.0,18.0,30.0,20.0,19.0
2023-03-05 13:24:00+01:00,28.0,23.0,33.0,28.0,19.0,24.0,27.0,22.0
2023-03-05 14:19:00+01:00,28.0,19.0,33.0,25.0,20.0,21.0,28.0,19.0
2023-03-05 15:12:00+01:00,26.0,19.0,37.0,21.0,16.0,15.0,25.0,19.0
2023-03-05 16:14:00+01:00,28.0,30.0,33.0,19.0,14.0,16.0,28.0,16.0
2023-03-05 17:17:00+01:00,31.0,26.0,25.0,20.0,15.0,17.0,25.0,15.0
2023-03-05 18:12:00+01:00,32.0,24.0,26.0,19.0,20.0,17.0,22.0,15.0
2023-03-05 19:16:00+01:00,29.0,22.0,23.0,20.0,17.0,12.0,16.0,13.0
2023-03-05 20:11:00+01:00,21.0,15.0,13.0,14.0,13.0,2.0,10.0,1.0
2023-03-05 21:15:00+01:00,7.0,2.0,0.0,0.0,9.0,0.0,3.0,0.0
2023-03-05 22:13:00+01:00,0.0,0.0,0.0,0.0,4.0,0.0,1.0,0.0
2023-03-05 23:14:00+01:00,0.0,0.0,0.0,0.0,3.0,0.0,0.0,0.0
2023-03-06 02:08:00+01:00,0.0,0.0,0.0,0.0,0.0,0.0,0.0,0.0
2023-03-06 03:50:00+01:00,0.0,0.0,0.0,0.0,0.0,0.0,0.0,0.0
2023-03-06 04:21:00+01:00,0.0,0.0,0.0,0.0,0.0,0.0,0.0,0.0
2023-03-06 05:17:00+01:00,0.0,0.0,0.0,0.0,2.0,0.0,0.0,0.0
2023-03-06 06:14:00+01:00,4.0,4.0,0.0,0.0,6.0,0.0,2.0,0.0
2023-03-06 07:19:00+01:00,15.0,8.0,10.0,2.0,8.0,3.0,10.0,8.0
2023-03-06 08:14:00+01:00,18.0,9.0,14.0,7.0,8.0,6.0,14.0,12.0
2023-03-06 09:19:00+01:00,11.0,9.0,15.0,11.0,9.0,10.0,12.0,8.0
2023-03-06 10:15:00+01:00,13.0,10.0,19.0,15.0,7.0,14.0,10.0,7.0
2023-03-06 11:16:00+01:00,15.0,11.0,20.0,16.0,10.0,12.0,14.0,10.0
2023-03-06 12:12:00+01:00,17.0,13.0,25.0,13.0,14.0,12.0,17.0,15.0
2023-03-06 13:27:00+01:00,21.0,13.0,30.0,13.0,10.0,12.0,19.0,16.0
2023-03-06 14:24:00+01:00,22.0,11.0,24.0,12.0,15.0,13.0,21.0,7.0
2023-03-06 15:14:00+01:00,23.0,10.0,20.0,16.0,14.0,13.0,22.0,8.0
2023-03-06 16:15:00+01:00,22.0,15.0,21.0,16.0,17.0,13.0,23.0,11.0
2023-03-06 17:19:00+01:00,29.0,25.0,37.0,24.0,28.0,23.0,32.0,25.0
2023-03-06 18:14:00+01:00,49.0,39.0,56.0,26.0,40.0,37.0,41.0,44.0
2023-03-06 19:19:00+01:00,54.0,54.0,62.0,32.0,43.0,39.0,52.0,42.0
2023-03-06 20:12:00+01:00,52.0,41.0,53.0,27.0,36.0,28.0,48.0,31.0
2023-03-06 21:15:00+01:00,32.0,23.0,31.0,18.0,23.0,19.0,25.0,16.0
2023-03-06 22:14:00+01:00,12.0,8.0,17.0,9.0,13.0,0.0,0.0,0.0
2023-03-06 23:14:00+01:00,5.0,0.0,2.0,0.0,8.0,0.0,0.0,0.0
2023-03-07 00:14:00+01:00,0.0,0.0,0.0,0.0,4.0,0.0,0.0,0.0
2023-03-07 02:12:00+01:00,0.0,0.0,0.0,0.0,1.0,0.0,0.0,0.0
2023-03-07 03:58:00+01:00,0.0,0.0,0.0,0.0,0.0,0.0,0.0,0.0
2023-03-07 04:29:00+01:00,0.0,0.0,0.0,0.0,0.0,0.0,0.0,0.0
2023-03-07 05:18:00+01:00,0.0,0.0,0.0,0.0,2.0,0.0,0.0,0.0
2023-03-07 06:14:00+01:00,6.0,2.0,0.0,0.0,7.0,0.0,3.0,0.0
2023-03-07 07:18:00+01:00,18.0,7.0,10.0,5.0,10.0,4.0,13.0,12.0
2023-03-07 08:13:00+01:00,17.0,11.0,10.0,6.0,9.0,5.0,15.0,15.0
2023-03-07 09:19:00+01:00,13.0,11.0,16.0,8.0,8.0,11.0,7.0,7.0
2023-03-07 10:16:00+01:00,15.0,8.0,27.0,7.0,8.0,13.0,7.0,7.0
2023-03-07 11:16:00+01:00,17.0,11.0,28.0,11.0,9.0,13.0,9.0,9.0
2023-03-07 12:12:00+01:00,19.0,10.0,25.0,9.0,9.0,13.0,12.0,15.0
2023-03-07 13:28:00+01:00,26.0,8.0,19.0,10.0,11.0,10.0,15.0,17.0
2023-03-07 14:24:00+01:00,21.0,9.0,19.0,13.0,10.0,9.0,18.0,12.0
2023-03-07 15:14:00+01:00,18.0,10.0,20.0,15.0,10.0,10.0,19.0,8.0
2023-03-07 16:15:00+01:00,18.0,14.0,27.0,16.0,15.0,16.0,22.0,13.0
2023-03-07 17:19:00+01:00,26.0,20.0,43.0,21.0,27.0,28.0,39.0,22.0
2023-03-07 18:13:00+01:00,39.0,34.0,56.0,30.0,39.0,30.0,51.0,34.0
2023-03-07 19:17:00+01:00,51.0,39.0,54.0,35.0,45.0,29.0,56.0,41.0
2023-03-07 20:12:00+01:00,43.0,36.0,51.0,33.0,32.0,23.0,45.0,30.0
2023-03-07 21:15:00+01:00,26.0,23.0,30.0,23.0,21.0,12.0,23.0,16.0
2023-03-07 22:13:00+01:00,0.0,13.0,12.0,9.0,10.0,4.0,8.0,0.0
2023-03-07 23:14:00+01:00,0.0,1.0,1.0,0.0,5.0,2.0,3.0,0.0
2023-03-08 02:11:00+01:00,0.0,0.0,0.0,0.0,0.0,0.0,0.0,0.0
2023-03-08 03:52:00+01:00,0.0,0.0,0.0,0.0,0.0,0.0,0.0,0.0
2023-03-08 04:22:00+01:00,0.0,0.0,0.0,0.0,0.0,0.0,0.0,0.0
2023-03-08 05:17:00+01:00,0.0,0.0,0.0,0.0,3.0,0.0,0.0,0.0
2023-03-08 06:14:00+01:00,4.0,2.0,0.0,0.0,9.0,0.0,3.0,0.0
2023-03-08 07:18:00+01:00,15.0,8.0,9.0,3.0,13.0,4.0,12.0,10.0
2023-03-08 08:13:00+01:00,20.0,11.0,14.0,4.0,12.0,7.0,13.0,10.0
2023-03-08 09:18:00+01:00,13.0,8.0,13.0,12.0,7.0,8.0,8.0,7.0
2023-03-08 10:14:00+01:00,11.0,10.0,18.0,14.0,7.0,13.0,7.0,9.0
2023-03-08 11:16:00+01:00,10.0,12.0,19.0,13.0,8.0,9.0,11.0,10.0
2023-03-08 12:12:00+01:00,15.0,100.0,24.0,10.0,11.0,7.0,12.0,11.0
2023-03-08 13:27:00+01:00,19.0,13.0,17.0,12.0,9.0,7.0,15.0,18.0
2023-03-08 14:24:00+01:00,19.0,15.0,19.0,13.0,11.0,9.0,16.0,13.0
2023-03-08 15:14:00+01:00,19.0,12.0,19.0,15.0,10.0,10.0,18.0,11.0
2023-03-08 16:15:00+01:00,23.0,15.0,20.0,17.0,16.0,15.0,21.0,12.0
2023-03-08 17:19:00+01:00,26.0,100.0,32.0,22.0,31.0,23.0,23.0,21.0
2023-03-08 18:13:00+01:00,36.0,33.0,44.0,29.0,37.0,27.0,33.0,39.0
2023-03-08 20:12:00+01:00,41.0,32.0,33.0,34.0,29.0,23.0,43.0,22.0
2023-03-08 21:15:00+01:00,24.0,23.0,24.0,21.0,21.0,17.0,28.0,13.0
2023-03-08 22:13:00+01:00,9.0,0.0,12.0,8.0,9.0,0.0,0.0,0.0
2023-03-09 00:15:00+01:00,0.0,0.0,2.0,0.0,4.0,0.0,0.0,0.0
2023-03-09 02:09:00+01:00,0.0,0.0,0.0,0.0,0.0,0.0,0.0,0.0
2023-03-09 03:51:00+01:00,0.0,0.0,0.0,0.0,0.0,0.0,0.0,0.0
2023-03-09 04:22:00+01:00,0.0,0.0,0.0,0.0,0.0,0.0,0.0,0.0
2023-03-09 05:18:00+01:00,0.0,0.0,0.0,0.0,1.0,0.0,0.0,0.0
2023-03-09 06:14:00+01:00,4.0,2.0,0.0,0.0,6.0,0.0,2.0,0.0
2023-03-09 07:19:00+01:00,13.0,8.0,6.0,4.0,10.0,5.0,8.0,13.0
2023-03-09 08:13:00+01:00,12.0,9.0,11.0,5.0,10.0,4.0,10.0,11.0
2023-03-09 09:19:00+01:00,9.0,10.0,11.0,10.0,7.0,10.0,9.0,5.0
2023-03-09 10:15:00+01:00,10.0,9.0,15.0,14.0,10.0,11.0,9.0,8.0
2023-03-09 11:16:00+01:00,12.0,10.0,21.0,15.0,12.0,12.0,12.0,7.0
2023-03-09 12:13:00+01:00,18.0,9.0,22.0,15.0,11.0,12.0,13.0,9.0
2023-03-09 13:28:00+01:00,23.0,11.0,21.0,14.0,10.0,11.0,13.0,8.0
2023-03-09 14:30:00+01:00,20.0,7.0,17.0,14.0,8.0,7.0,14.0,9.0
2023-03-09 15:14:00+01:00,16.0,9.0,19.0,14.0,11.0,7.0,15.0,12.0
2023-03-09 16:15:00+01:00,18.0,13.0,23.0,15.0,16.0,10.0,20.0,15.0
2023-03-09 17:20:00+01:00,29.0,19.0,35.0,16.0,25.0,19.0,33.0,22.0
2023-03-09 18:13:00+01:00,39.0,31.0,46.0,24.0,35.0,27.0,41.0,34.0
2023-03-09 19:17:00+01:00,44.0,35.0,47.0,30.0,39.0,25.0,46.0,35.0
2023-03-09 20:12:00+01:00,38.0,27.0,36.0,27.0,33.0,21.0,39.0,23.0
2023-03-09 21:15:00+01:00,24.0,15.0,20.0,21.0,21.0,12.0,24.0,11.0
2023-03-09 22:13:00+01:00,7.0,5.0,0.0,11.0,8.0,0.0,10.0,0.0
2023-03-10 00:16:00+01:00,0.0,0.0,0.0,1.0,2.0,0.0,0.0,0.0
2023-03-10 02:09:00+01:00,0.0,0.0,0.0,0.0,1.0,0.0,0.0,0.0
2023-03-10 03:54:00+01:00,0.0,0.0,0.0,0.0,0.0,0.0,0.0,0.0
2023-03-10 04:25:00+01:00,0.0,0.0,0.0,0.0,0.0,0.0,0.0,0.0
2023-03-10 05:18:00+01:00,0.0,0.0,0.0,0.0,2.0,0.0,0.0,0.0
2023-03-10 06:14:00+01:00,5.0,3.0,0.0,0.0,5.0,0.0,2.0,0.0
2023-03-10 07:19:00+01:00,15.0,8.0,9.0,4.0,8.0,5.0,7.0,6.0
2023-03-10 08:13:00+01:00,17.0,7.0,13.0,7.0,7.0,9.0,6.0,9.0
2023-03-10 09:19:00+01:00,11.0,9.0,14.0,10.0,6.0,10.0,5.0,6.0
2023-03-10 10:15:00+01:00,10.0,12.0,17.0,11.0,8.0,17.0,7.0,10.0
2023-03-10 11:16:00+01:00,13.0,13.0,22.0,12.0,9.0,16.0,10.0,9.0
2023-03-10 12:13:00+01:00,16.0,13.0,27.0,12.0,10.0,9.0,11.0,11.0
2023-03-10 13:27:00+01:00,19.0,15.0,25.0,14.0,10.0,9.0,16.0,19.0
2023-03-10 14:24:00+01:00,18.0,13.0,24.0,16.0,10.0,12.0,14.0,13.0
2023-03-10 15:14:00+01:00,18.0,14.0,28.0,13.0,10.0,13.0,16.0,11.0
2023-03-10 16:14:00+01:00,26.0,17.0,33.0,15.0,14.0,15.0,21.0,18.0
2023-03-10 17:21:00+01:00,34.0,23.0,38.0,19.0,21.0,19.0,30.0,32.0
2023-03-10 18:13:00+01:00,44.0,37.0,37.0,29.0,26.0,25.0,29.0,38.0
2023-03-10 19:17:00+01:00,41.0,44.0,33.0,26.0,27.0,24.0,28.0,32.0
2023-03-10 20:11:00+01:00,37.0,29.0,33.0,27.0,24.0,19.0,23.0,20.0
2023-03-10 21:14:00+01:00,22.0,19.0,19.0,14.0,20.0,10.0,13.0,12.0
2023-03-10 22:12:00+01:00,0.0,9.0,0.0,0.0,11.0,0.0,0.0,2.0
2023-03-11 00:14:00+01:00,0.0,0.0,0.0,0.0,2.0,0.0,0.0,0.0
2023-03-11 01:59:00+01:00,0.0,0.0,0.0,0.0,1.0,0.0,0.0,0.0
2023-03-11 03:12:00+01:00,0.0,0.0,0.0,0.0,0.0,0.0,0.0,0.0
2023-03-11 04:14:00+01:00,0.0,0.0,0.0,0.0,0.0,0.0,0.0,0.0
2023-03-11 05:16:00+01:00,0.0,0.0,0.0,0.0,0.0,0.0,0.0,0.0
2023-03-11 06:13:00+01:00,0.0,0.0,0.0,0.0,0.0,0.0,0.0,0.0
2023-03-11 07:16:00+01:00,0.0,0.0,0.0,0.0,2.0,0.0,0.0,0.0
2023-03-11 08:12:00+01:00,0.0,0.0,0.0,0.0,3.0,0.0,0.0,0.0
2023-03-11 09:17:00+01:00,6.0,10.0,0.0,7.0,10.0,8.0,0.0,0.0
2023-03-11 10:13:00+01:00,19.0,18.0,10.0,12.0,15.0,16.0,6.0,4.0
2023-03-11 11:13:00+01:00,30.0,26.0,30.0,14.0,17.0,21.0,14.0,13.0
2023-03-11 12:11:00+01:00,25.0,21.0,34.0,17.0,17.0,19.0,20.0,16.0
2023-03-11 13:23:00+01:00,22.0,19.0,39.0,19.0,17.0,16.0,22.0,16.0
2023-03-11 14:17:00+01:00,20.0,17.0,36.0,20.0,18.0,11.0,18.0,17.0
2023-03-11 15:12:00+01:00,21.0,12.0,27.0,16.0,16.0,12.0,17.0,11.0
2023-03-11 16:13:00+01:00,18.0,12.0,28.0,13.0,16.0,12.0,14.0,9.0
2023-03-11 17:16:00+01:00,17.0,13.0,25.0,14.0,13.0,13.0,12.0,10.0
2023-03-11 18:12:00+01:00,19.0,13.0,25.0,15.0,15.0,13.0,16.0,11.0
2023-03-11 19:16:00+01:00,23.0,12.0,20.0,18.0,11.0,8.0,15.0,9.0
2023-03-11 20:12:00+01:00,20.0,12.0,19.0,15.0,9.0,0.0,1.0,0.0
2023-03-11 21:14:00+01:00,3.0,1.0,3.0,3.0,9.0,0.0,1.0,0.0
2023-03-11 22:12:00+01:00,3.0,0.0,0.0,0.0,6.0,0.0,1.0,0.0
2023-03-11 23:12:00+01:00,3.0,0.0,0.0,0.0,4.0,0.0,0.0,0.0
2023-03-12 00:13:00+01:00,0.0,0.0,0.0,0.0,4.0,0.0,0.0,0.0
2023-03-12 02:08:00+01:00,0.0,0.0,0.0,0.0,1.0,0.0,0.0,0.0
2023-03-12 03:45:00+01:00,0.0,0.0,0.0,0.0,1.0,0.0,0.0,0.0
2023-03-12 04:15:00+01:00,0.0,0.0,0.0,0.0,0.0,0.0,0.0,0.0
2023-03-12 05:16:00+01:00,0.0,0.0,0.0,0.0,0.0,0.0,0.0,0.0
2023-03-12 06:12:00+01:00,0.0,0.0,0.0,0.0,2.0,0.0,0.0,0.0
2023-03-12 07:16:00+01:00,0.0,0.0,0.0,0.0,1.0,0.0,0.0,0.0
2023-03-12 08:12:00+01:00,0.0,0.0,0.0,0.0,4.0,0.0,0.0,0.0
2023-03-12 09:16:00+01:00,5.0,9.0,0.0,0.0,9.0,6.0,0.0,0.0
2023-03-12 10:13:00+01:00,14.0,24.0,17.0,0.0,12.0,23.0,5.0,4.0
